date,category,series,metric,value,unit,source,n_samples,representative,notes,capacity_gb,unit_price_usd,generation
1957-01-01,DRAM,McCallum DRAM (historical),usd_per_gb,411041792000.0,USD/GB,mccallum,1,transistor Flip-Flop,"Historical, John C. McCallum (jcmit.net) via Internet Archive",9.34601e-10,392.0,
1959-01-01,DRAM,McCallum DRAM (historical),usd_per_gb,67947725000.0,USD/GB,mccallum,1,vacuum tube Flip-Flop,"Historical, John C. McCallum (jcmit.net) via Internet Archive",9.34601e-10,64.8,
1960-01-01,DRAM,McCallum DRAM (historical),usd_per_gb,5242880000.0,USD/GB,mccallum,1,IBM 1401 core memory,"Historical, John C. McCallum (jcmit.net) via Internet Archive",9.34601e-10,5.0,
1965-01-01,DRAM,McCallum DRAM (historical),usd_per_gb,2642412000.0,USD/GB,mccallum,1,IBM 360/30 core memory,"Historical, John C. McCallum (jcmit.net) via Internet Archive",9.34601e-10,2.52,
1970-01-01,DRAM,McCallum DRAM (historical),usd_per_gb,734003000.0,USD/GB,mccallum,1,IBM 370/135 core memory,"Historical, John C. McCallum (jcmit.net) via Internet Archive",9.34601e-10,0.7,
1973-01-01,DRAM,McCallum DRAM (historical),usd_per_gb,399360000.0,USD/GB,mccallum,1,Core memory 8KwordX12 bit,"Historical, John C. McCallum (jcmit.net) via Internet Archive",1.14441e-05,4680.0,
1974-01-01,DRAM,McCallum DRAM (historical),usd_per_gb,314573000.0,USD/GB,mccallum,1,IC Memory for IBM 370/125,"Historical, John C. McCallum (jcmit.net) via Internet Archive",9.34601e-10,0.3,
1975-01-01,DRAM,McCallum DRAM (historical),usd_per_gb,421888000.0,USD/GB,mccallum,1,Altair 8800 256 Byte Static Board,"Historical, John C. McCallum (jcmit.net) via Internet Archive",2.38419e-07,103.0,
1975-01-30,DRAM,McCallum DRAM (historical),usd_per_gb,180224000.0,USD/GB,mccallum,1,Altair 1K Static Board,"Historical, John C. McCallum (jcmit.net) via Internet Archive",9.53674e-07,176.0,
1975-04-02,DRAM,McCallum DRAM (historical),usd_per_gb,67584000.0,USD/GB,mccallum,1,Altair 4K DRAM Board,"Historical, John C. McCallum (jcmit.net) via Internet Archive",3.8147e-06,264.0,
1975-10-02,DRAM,McCallum DRAM (historical),usd_per_gb,49920000.0,USD/GB,mccallum,1,Altair 4K Static(2102) RAM Board,"Historical, John C. McCallum (jcmit.net) via Internet Archive",3.8147e-06,195.0,
1976-01-01,DRAM,McCallum DRAM (historical),usd_per_gb,40704000.0,USD/GB,mccallum,1,Altair 4K Static(2102) RAM Board,"Historical, John C. McCallum (jcmit.net) via Internet Archive",3.8147e-06,159.0,
1976-03-03,DRAM,McCallum DRAM (historical),usd_per_gb,48960000.0,USD/GB,mccallum,1,Altair 16K Static RAM Board,"Historical, John C. McCallum (jcmit.net) via Internet Archive",1.52588e-05,765.0,
1976-06-02,DRAM,McCallum DRAM (historical),usd_per_gb,23040000.0,USD/GB,mccallum,1,SD Sales 4K Static Board,"Historical, John C. McCallum (jcmit.net) via Internet Archive",3.8147e-06,90.0,
1976-07-31,DRAM,McCallum DRAM (historical),usd_per_gb,32000000.0,USD/GB,mccallum,1,8K Static RAM Board,"Historical, John C. McCallum (jcmit.net) via Internet Archive",7.62939e-06,250.0,
1977-01-30,DRAM,McCallum DRAM (historical),usd_per_gb,36800000.0,USD/GB,mccallum,1,S-100 16K,"Historical, John C. McCallum (jcmit.net) via Internet Archive",1.52588e-05,575.0,
1978-03-04,DRAM,McCallum DRAM (historical),usd_per_gb,28000000.0,USD/GB,mccallum,1,S-100 64K,"Historical, John C. McCallum (jcmit.net) via Internet Archive",6.10352e-05,1750.0,
1978-04-02,DRAM,McCallum DRAM (historical),usd_per_gb,29440000.0,USD/GB,mccallum,1,,"Historical, John C. McCallum (jcmit.net) via Internet Archive",1.52588e-05,460.0,
1978-05-01,DRAM,McCallum DRAM (historical),usd_per_gb,19200000.0,USD/GB,mccallum,1,,"Historical, John C. McCallum (jcmit.net) via Internet Archive",1.52588e-05,300.0,
1978-07-02,DRAM,McCallum DRAM (historical),usd_per_gb,24000000.0,USD/GB,mccallum,1,Extensis,"Historical, John C. McCallum (jcmit.net) via Internet Archive",6.10352e-05,1500.0,
1978-08-01,DRAM,McCallum DRAM (historical),usd_per_gb,16000000.0,USD/GB,mccallum,1,,"Historical, John C. McCallum (jcmit.net) via Internet Archive",7.62939e-06,125.0,
1978-10-02,DRAM,McCallum DRAM (historical),usd_per_gb,15200000.0,USD/GB,mccallum,1,,"Historical, John C. McCallum (jcmit.net) via Internet Archive",3.05176e-05,475.0,
1979-01-01,DRAM,McCallum DRAM (historical),usd_per_gb,10528000.0,USD/GB,mccallum,1,,"Historical, John C. McCallum (jcmit.net) via Internet Archive",3.05176e-05,329.0,
1979-10-02,DRAM,McCallum DRAM (historical),usd_per_gb,6704000.0,USD/GB,mccallum,1,"S-100, SD Sales/Jade 64K Kit","Historical, John C. McCallum (jcmit.net) via Internet Archive",6.10352e-05,419.0,
1980-01-01,DRAM,McCallum DRAM (historical),usd_per_gb,6480000.0,USD/GB,mccallum,1,,"Historical, John C. McCallum (jcmit.net) via Internet Archive",6.10352e-05,405.0,
1981-01-01,DRAM,McCallum DRAM (historical),usd_per_gb,8800000.0,USD/GB,mccallum,1,,"Historical, John C. McCallum (jcmit.net) via Internet Archive",6.10352e-05,550.0,
1981-08-01,DRAM,McCallum DRAM (historical),usd_per_gb,4479000.0,USD/GB,mccallum,1,Jade,"Historical, John C. McCallum (jcmit.net) via Internet Archive",6.10352e-05,279.95,
1982-01-01,DRAM,McCallum DRAM (historical),usd_per_gb,3520000.0,USD/GB,mccallum,1,,"Historical, John C. McCallum (jcmit.net) via Internet Archive",0.000244141,880.0,
1982-03-04,DRAM,McCallum DRAM (historical),usd_per_gb,4464000.0,USD/GB,mccallum,1,,"Historical, John C. McCallum (jcmit.net) via Internet Archive",6.10352e-05,279.0,
1982-09-03,DRAM,McCallum DRAM (historical),usd_per_gb,1980000.0,USD/GB,mccallum,1,California Digital,"Historical, John C. McCallum (jcmit.net) via Internet Archive",0.000244141,495.0,
1983-01-01,DRAM,McCallum DRAM (historical),usd_per_gb,2396000.0,USD/GB,mccallum,1,,"Historical, John C. McCallum (jcmit.net) via Internet Archive",0.000244141,599.0,
1983-09-03,DRAM,McCallum DRAM (historical),usd_per_gb,1980000.0,USD/GB,mccallum,1,California Digital,"Historical, John C. McCallum (jcmit.net) via Internet Archive",0.000244141,495.0,
1984-01-01,DRAM,McCallum DRAM (historical),usd_per_gb,1379000.0,USD/GB,mccallum,1,,"Historical, John C. McCallum (jcmit.net) via Internet Archive",0.000366211,517.0,
1984-07-31,DRAM,McCallum DRAM (historical),usd_per_gb,1331000.0,USD/GB,mccallum,1,"IBM PC Board, 384K, $199+6*50","Historical, John C. McCallum (jcmit.net) via Internet Archive",0.000366211,499.0,
1985-01-01,DRAM,McCallum DRAM (historical),usd_per_gb,880000.0,USD/GB,mccallum,1,IBM 512K $199.95+8*29.97,"Historical, John C. McCallum (jcmit.net) via Internet Archive",0.000488281,440.0,
1985-05-01,DRAM,McCallum DRAM (historical),usd_per_gb,720000.0,USD/GB,mccallum,1,IBM 512K $199.95+8*19.98,"Historical, John C. McCallum (jcmit.net) via Internet Archive",0.000488281,360.0,
1985-06-03,DRAM,McCallum DRAM (historical),usd_per_gb,550000.0,USD/GB,mccallum,1,IBM 512K $149+8*15.75,"Historical, John C. McCallum (jcmit.net) via Internet Archive",0.000488281,275.0,
1985-07-02,DRAM,McCallum DRAM (historical),usd_per_gb,420000.0,USD/GB,mccallum,1,IBM 512K $119+7*13,"Historical, John C. McCallum (jcmit.net) via Internet Archive",0.000488281,210.0,
1985-08-01,DRAM,McCallum DRAM (historical),usd_per_gb,350000.0,USD/GB,mccallum,1,2MB J-RAM-2 A&T $699,"Historical, John C. McCallum (jcmit.net) via Internet Archive",0.00195312,699.0,
1985-09-03,DRAM,McCallum DRAM (historical),usd_per_gb,300000.0,USD/GB,mccallum,1,2MB J-RAM-2 A&T $599,"Historical, John C. McCallum (jcmit.net) via Internet Archive",0.00195312,599.0,
1985-10-31,DRAM,McCallum DRAM (historical),usd_per_gb,300000.0,USD/GB,mccallum,1,2MB J-RAM-2 A&T $599,"Historical, John C. McCallum (jcmit.net) via Internet Archive",0.00195312,599.0,
1985-12-03,DRAM,McCallum DRAM (historical),usd_per_gb,300000.0,USD/GB,mccallum,1,2MB J-RAM-2 A&T $599,"Historical, John C. McCallum (jcmit.net) via Internet Archive",0.00195312,599.0,
1986-01-01,DRAM,McCallum DRAM (historical),usd_per_gb,300000.0,USD/GB,mccallum,1,2MB J-RAM-2 A&T $599,"Historical, John C. McCallum (jcmit.net) via Internet Archive",0.00195312,599.0,
1986-01-30,DRAM,McCallum DRAM (historical),usd_per_gb,300000.0,USD/GB,mccallum,1,2MB J-RAM-2 A&T $599,"Historical, John C. McCallum (jcmit.net) via Internet Archive",0.00195312,599.0,
1986-03-04,DRAM,McCallum DRAM (historical),usd_per_gb,300000.0,USD/GB,mccallum,1,2MB J-RAM-2 A&T $599,"Historical, John C. McCallum (jcmit.net) via Internet Archive",0.00195312,599.0,
1986-04-02,DRAM,McCallum DRAM (historical),usd_per_gb,300000.0,USD/GB,mccallum,1,2MB J-RAM-2 A&T $599,"Historical, John C. McCallum (jcmit.net) via Internet Archive",0.00195312,599.0,
1986-05-01,DRAM,McCallum DRAM (historical),usd_per_gb,190000.0,USD/GB,mccallum,1,JDR AT Multifuntion $199.95+49.95+318.60,"Historical, John C. McCallum (jcmit.net) via Internet Archive",0.00292969,568.5,
1986-06-03,DRAM,McCallum DRAM (historical),usd_per_gb,190000.0,USD/GB,mccallum,1,JDR AT Multifuntion $199.95+49.95+318.60,"Historical, John C. McCallum (jcmit.net) via Internet Archive",0.00292969,568.5,
1986-07-02,DRAM,McCallum DRAM (historical),usd_per_gb,190000.0,USD/GB,mccallum,1,JDR AT Multifuntion $199.95+49.95+318.60,"Historical, John C. McCallum (jcmit.net) via Internet Archive",0.00292969,568.5,
1986-08-01,DRAM,McCallum DRAM (historical),usd_per_gb,190000.0,USD/GB,mccallum,1,JDR AT Multifuntion $199.95+49.95+318.60,"Historical, John C. McCallum (jcmit.net) via Internet Archive",0.00292969,568.5,
1986-09-03,DRAM,McCallum DRAM (historical),usd_per_gb,190000.0,USD/GB,mccallum,1,JDR AT Multifuntion $199.95+49.95+318.60,"Historical, John C. McCallum (jcmit.net) via Internet Archive",0.00292969,568.5,
1986-10-02,DRAM,McCallum DRAM (historical),usd_per_gb,190000.0,USD/GB,mccallum,1,JDR AT Multifuntion $199.95+49.95+318.60,"Historical, John C. McCallum (jcmit.net) via Internet Archive",0.00292969,568.5,
1986-12-03,DRAM,McCallum DRAM (historical),usd_per_gb,190000.0,USD/GB,mccallum,1,JDR AT Multifuntion $199.95+49.95+318.60,"Historical, John C. McCallum (jcmit.net) via Internet Archive",0.00292969,568.5,
1987-01-01,DRAM,McCallum DRAM (historical),usd_per_gb,176000.0,USD/GB,mccallum,1,JDR AT Multifuntion $139.95+49.95+3*36*2.95,"Historical, John C. McCallum (jcmit.net) via Internet Archive",0.00292969,528.5,
1987-01-30,DRAM,McCallum DRAM (historical),usd_per_gb,176000.0,USD/GB,mccallum,1,JDR AT Multifuntion $139.95+49.95+3*36*2.95,"Historical, John C. McCallum (jcmit.net) via Internet Archive",0.00292969,528.5,
1987-03-04,DRAM,McCallum DRAM (historical),usd_per_gb,157000.0,USD/GB,mccallum,1,Pine 3MB Multifunction $147+108*3,"Historical, John C. McCallum (jcmit.net) via Internet Archive",0.00292969,471.0,
1987-04-02,DRAM,McCallum DRAM (historical),usd_per_gb,154000.0,USD/GB,mccallum,1,JDR MCT-ATRAM 4MB $149.95+39.95+4*36*2.95,"Historical, John C. McCallum (jcmit.net) via Internet Archive",0.00390625,614.7,
1987-05-01,DRAM,McCallum DRAM (historical),usd_per_gb,154000.0,USD/GB,mccallum,1,JDR MCT-ATRAM 4MB $149.95+39.95+4*36*2.95,"Historical, John C. McCallum (jcmit.net) via Internet Archive",0.00390625,614.7,
1987-06-03,DRAM,McCallum DRAM (historical),usd_per_gb,154000.0,USD/GB,mccallum,1,JDR MCT-ATRAM 4MB $149.95+39.95+4*36*2.95,"Historical, John C. McCallum (jcmit.net) via Internet Archive",0.00390625,614.7,
1987-07-02,DRAM,McCallum DRAM (historical),usd_per_gb,154000.0,USD/GB,mccallum,1,JDR MCT-ATRAM 4MB $149.95+39.95+4*36*2.95,"Historical, John C. McCallum (jcmit.net) via Internet Archive",0.00390625,614.7,
1987-08-01,DRAM,McCallum DRAM (historical),usd_per_gb,154000.0,USD/GB,mccallum,1,JDR MCT-ATRAM 4MB $149.95+39.95+4*36*2.95,"Historical, John C. McCallum (jcmit.net) via Internet Archive",0.00390625,614.7,
1987-09-03,DRAM,McCallum DRAM (historical),usd_per_gb,163000.0,USD/GB,mccallum,1,JDR MCT-ATMF 3MB Multifunction,"Historical, John C. McCallum (jcmit.net) via Internet Archive",0.00292969,488.47,
1987-10-02,DRAM,McCallum DRAM (historical),usd_per_gb,133000.0,USD/GB,mccallum,1,AST Advantage AT w/3MB,"Historical, John C. McCallum (jcmit.net) via Internet Archive",0.00292969,399.0,
1987-10-31,DRAM,McCallum DRAM (historical),usd_per_gb,163000.0,USD/GB,mccallum,1,JDR MCT-ATMF 3MB Multifunction,"Historical, John C. McCallum (jcmit.net) via Internet Archive",0.00292969,488.47,
1987-12-03,DRAM,McCallum DRAM (historical),usd_per_gb,163000.0,USD/GB,mccallum,1,JDR MCT-ATMF 3MB Multifunction,"Historical, John C. McCallum (jcmit.net) via Internet Archive",0.00292969,488.47,
1988-01-01,DRAM,McCallum DRAM (historical),usd_per_gb,163000.0,USD/GB,mccallum,1,JDR MCT-ATMF 3MB Multifunction,"Historical, John C. McCallum (jcmit.net) via Internet Archive",0.00292969,488.47,
1988-01-30,DRAM,McCallum DRAM (historical),usd_per_gb,182000.0,USD/GB,mccallum,1,JDR MCT-ATMF 3MB Multifunc $169.90+3*36*3.49,"Historical, John C. McCallum (jcmit.net) via Internet Archive",0.00292969,546.82,
1988-03-03,DRAM,McCallum DRAM (historical),usd_per_gb,199000.0,USD/GB,mccallum,1,JDR MCT-ATMF 3MB Multifunc $169.90+426.60,"Historical, John C. McCallum (jcmit.net) via Internet Archive",0.00292969,596.5,
1988-04-30,DRAM,McCallum DRAM (historical),usd_per_gb,199000.0,USD/GB,mccallum,1,JDR MCT-ATMF 3MB Multifunc $169.90+426.60,"Historical, John C. McCallum (jcmit.net) via Internet Archive",0.00292969,596.5,
1988-06-02,DRAM,McCallum DRAM (historical),usd_per_gb,199000.0,USD/GB,mccallum,1,JDR MCT-ATMF 3MB Multifunc $169.90+426.60,"Historical, John C. McCallum (jcmit.net) via Internet Archive",0.00292969,596.5,
1988-07-01,DRAM,McCallum DRAM (historical),usd_per_gb,505000.0,USD/GB,mccallum,1,JDR MCT-ATMF 3MB Multifunc $169.90+3*36*12.45,"Historical, John C. McCallum (jcmit.net) via Internet Archive",0.00292969,1514.5,
1988-07-31,DRAM,McCallum DRAM (historical),usd_per_gb,505000.0,USD/GB,mccallum,1,JDR MCT-ATMF 3MB Multifunc $169.90+3*36*12.45,"Historical, John C. McCallum (jcmit.net) via Internet Archive",0.00292969,1514.5,
1988-09-02,DRAM,McCallum DRAM (historical),usd_per_gb,505000.0,USD/GB,mccallum,1,JDR MCT-ATMF 3MB Multifunc $169.90+3*36*12.45,"Historical, John C. McCallum (jcmit.net) via Internet Archive",0.00292969,1514.5,
1988-10-01,DRAM,McCallum DRAM (historical),usd_per_gb,505000.0,USD/GB,mccallum,1,JDR MCT-ATMF 3MB Multifunc $169.90+3*36*12.45,"Historical, John C. McCallum (jcmit.net) via Internet Archive",0.00292969,1514.5,
1988-10-30,DRAM,McCallum DRAM (historical),usd_per_gb,505000.0,USD/GB,mccallum,1,JDR MCT-ATMF 3MB Multifunc $169.90+3*36*12.45,"Historical, John C. McCallum (jcmit.net) via Internet Archive",0.00292969,1514.5,
1988-12-02,DRAM,McCallum DRAM (historical),usd_per_gb,505000.0,USD/GB,mccallum,1,JDR MCT-ATMF 3MB Multifunc $169.90+3*36*12.45,"Historical, John C. McCallum (jcmit.net) via Internet Archive",0.00292969,1514.5,
1989-01-01,DRAM,McCallum DRAM (historical),usd_per_gb,505000.0,USD/GB,mccallum,1,JDR MCT-ATMF 3MB Multifunc $169.90+3*36*12.45,"Historical, John C. McCallum (jcmit.net) via Internet Archive",0.00292969,1514.5,
1989-01-30,DRAM,McCallum DRAM (historical),usd_per_gb,505000.0,USD/GB,mccallum,1,JDR MCT-ATMF 3MB Multifunc $169.90+3*36*12.45,"Historical, John C. McCallum (jcmit.net) via Internet Archive",0.00292969,1514.5,
1989-03-04,DRAM,McCallum DRAM (historical),usd_per_gb,505000.0,USD/GB,mccallum,1,JDR MCT-ATMF 3MB Multifunc $169.90+3*36*12.45,"Historical, John C. McCallum (jcmit.net) via Internet Archive",0.00292969,1514.5,
1989-04-02,DRAM,McCallum DRAM (historical),usd_per_gb,505000.0,USD/GB,mccallum,1,JDR MCT-ATMF 3MB Multifunc $169.90+3*36*12.45,"Historical, John C. McCallum (jcmit.net) via Internet Archive",0.00292969,1514.5,
1989-06-03,DRAM,McCallum DRAM (historical),usd_per_gb,344000.0,USD/GB,mccallum,1,JDR MCT-ATMF 3MB Multifunc $169.90+3*36*7.99,"Historical, John C. McCallum (jcmit.net) via Internet Archive",0.00292969,1032.82,
1989-07-02,DRAM,McCallum DRAM (historical),usd_per_gb,197000.0,USD/GB,mccallum,1,Unitex RAMII-EMS - 4MB $249+36*15.00,"Historical, John C. McCallum (jcmit.net) via Internet Archive",0.00390625,789.0,
1989-08-01,DRAM,McCallum DRAM (historical),usd_per_gb,188000.0,USD/GB,mccallum,1,Everex RAM II 4M-EMS $249+36*14.,"Historical, John C. McCallum (jcmit.net) via Internet Archive",0.00390625,753.0,
1989-09-03,DRAM,McCallum DRAM (historical),usd_per_gb,188000.0,USD/GB,mccallum,1,Everex RAM II 4M-EMS $249+36*14.,"Historical, John C. McCallum (jcmit.net) via Internet Archive",0.00390625,753.0,
1989-10-02,DRAM,McCallum DRAM (historical),usd_per_gb,128000.0,USD/GB,mccallum,1,Bocaram AT 8MB - $159+72*12,"Historical, John C. McCallum (jcmit.net) via Internet Archive",0.0078125,1023.0,
1989-10-31,DRAM,McCallum DRAM (historical),usd_per_gb,117000.0,USD/GB,mccallum,1,"Everex RAM 10,000 10MB $179+90*11.","Historical, John C. McCallum (jcmit.net) via Internet Archive",0.00976562,1169.0,
1989-12-03,DRAM,McCallum DRAM (historical),usd_per_gb,113000.0,USD/GB,mccallum,1,Bocaram AT 8MB - $149+72*10.50,"Historical, John C. McCallum (jcmit.net) via Internet Archive",0.0078125,905.0,
1990-01-01,DRAM,McCallum DRAM (historical),usd_per_gb,106000.0,USD/GB,mccallum,1,Bocaram AT 8MB - $149+72*9.75,"Historical, John C. McCallum (jcmit.net) via Internet Archive",0.0078125,851.0,
1990-03-04,DRAM,McCallum DRAM (historical),usd_per_gb,98000.0,USD/GB,mccallum,1,Bocaram AT 8MB - $149+72*8.50,"Historical, John C. McCallum (jcmit.net) via Internet Archive",0.0078125,786.0,
1990-05-01,DRAM,McCallum DRAM (historical),usd_per_gb,98000.0,USD/GB,mccallum,1,Bocaram AT 8MB - $149+72*8.50,"Historical, John C. McCallum (jcmit.net) via Internet Archive",0.0078125,786.0,
1990-06-03,DRAM,McCallum DRAM (historical),usd_per_gb,90000.0,USD/GB,mccallum,1,Bocaram AT 8MB - $140+72*8.00,"Historical, John C. McCallum (jcmit.net) via Internet Archive",0.0078125,716.0,
1990-07-02,DRAM,McCallum DRAM (historical),usd_per_gb,83000.0,USD/GB,mccallum,1,Bocaram AT 8MB - $140+72*7.25,"Historical, John C. McCallum (jcmit.net) via Internet Archive",0.0078125,662.0,
1990-08-01,DRAM,McCallum DRAM (historical),usd_per_gb,81000.0,USD/GB,mccallum,1,Bocaram AT Plus 8MB - $649,"Historical, John C. McCallum (jcmit.net) via Internet Archive",0.0078125,649.0,
1990-09-03,DRAM,McCallum DRAM (historical),usd_per_gb,72000.0,USD/GB,mccallum,1,Bocaram AT Plus 8MB - $140+72*6.00,"Historical, John C. McCallum (jcmit.net) via Internet Archive",0.0078125,572.0,
1990-10-02,DRAM,McCallum DRAM (historical),usd_per_gb,59000.0,USD/GB,mccallum,1,1Mx9-80 SIMM @ $59,"Historical, John C. McCallum (jcmit.net) via Internet Archive",0.000976562,59.0,SIMM
1990-10-31,DRAM,McCallum DRAM (historical),usd_per_gb,51000.0,USD/GB,mccallum,1,1Mx9-80 SIMM @ $51,"Historical, John C. McCallum (jcmit.net) via Internet Archive",0.000976562,51.0,SIMM
1990-12-03,DRAM,McCallum DRAM (historical),usd_per_gb,46000.0,USD/GB,mccallum,1,1Mx9-80 SIMM @ $45.50,"Historical, John C. McCallum (jcmit.net) via Internet Archive",0.000976562,45.5,SIMM
1991-01-01,DRAM,McCallum DRAM (historical),usd_per_gb,45000.0,USD/GB,mccallum,1,1Mx9-80 SIMM @ $44.50,"Historical, John C. McCallum (jcmit.net) via Internet Archive",0.000976562,44.5,SIMM
1991-01-30,DRAM,McCallum DRAM (historical),usd_per_gb,45000.0,USD/GB,mccallum,1,1Mx9-80 SIMM @ $44.50,"Historical, John C. McCallum (jcmit.net) via Internet Archive",0.000976562,44.5,SIMM
1991-03-04,DRAM,McCallum DRAM (historical),usd_per_gb,45000.0,USD/GB,mccallum,1,1Mx9-100 SIMM @ $45,"Historical, John C. McCallum (jcmit.net) via Internet Archive",0.000976562,45.0,SIMM
1991-04-02,DRAM,McCallum DRAM (historical),usd_per_gb,45000.0,USD/GB,mccallum,1,1Mx9-100 SIMM @ $45,"Historical, John C. McCallum (jcmit.net) via Internet Archive",0.000976562,45.0,SIMM
1991-05-01,DRAM,McCallum DRAM (historical),usd_per_gb,45000.0,USD/GB,mccallum,1,1Mx9-100 SIMM @ $45,"Historical, John C. McCallum (jcmit.net) via Internet Archive",0.000976562,45.0,SIMM
1991-06-03,DRAM,McCallum DRAM (historical),usd_per_gb,44000.0,USD/GB,mccallum,1,4Mx9-80 SIMM @ $175,"Historical, John C. McCallum (jcmit.net) via Internet Archive",0.00390625,175.0,SIMM
1991-07-02,DRAM,McCallum DRAM (historical),usd_per_gb,44000.0,USD/GB,mccallum,1,4Mx9-80 SIMM @ $175,"Historical, John C. McCallum (jcmit.net) via Internet Archive",0.00390625,175.0,SIMM
1991-08-01,DRAM,McCallum DRAM (historical),usd_per_gb,41000.0,USD/GB,mccallum,1,4Mx9-80 SIMM @ $165,"Historical, John C. McCallum (jcmit.net) via Internet Archive",0.00390625,165.0,SIMM
1991-09-03,DRAM,McCallum DRAM (historical),usd_per_gb,46000.0,USD/GB,mccallum,1,4Mx9-80 SIMM @ $185,"Historical, John C. McCallum (jcmit.net) via Internet Archive",0.00390625,185.0,SIMM
1991-10-02,DRAM,McCallum DRAM (historical),usd_per_gb,45000.0,USD/GB,mccallum,1,4Mx9-80 SIMM @ $180,"Historical, John C. McCallum (jcmit.net) via Internet Archive",0.00390625,180.0,SIMM
1991-10-31,DRAM,McCallum DRAM (historical),usd_per_gb,40000.0,USD/GB,mccallum,1,4Mx9-80 SIMM @ $159,"Historical, John C. McCallum (jcmit.net) via Internet Archive",0.00390625,159.0,SIMM
1991-12-03,DRAM,McCallum DRAM (historical),usd_per_gb,40000.0,USD/GB,mccallum,1,4Mx9-80 SIMM @ $159,"Historical, John C. McCallum (jcmit.net) via Internet Archive",0.00390625,159.0,SIMM
1992-01-01,DRAM,McCallum DRAM (historical),usd_per_gb,36000.0,USD/GB,mccallum,1,4Mx9-80 SIMM @ $145,"Historical, John C. McCallum (jcmit.net) via Internet Archive",0.00390625,145.0,SIMM
1992-01-30,DRAM,McCallum DRAM (historical),usd_per_gb,36000.0,USD/GB,mccallum,1,4Mx9-80 SIMM @ $145,"Historical, John C. McCallum (jcmit.net) via Internet Archive",0.00390625,145.0,SIMM
1992-03-03,DRAM,McCallum DRAM (historical),usd_per_gb,36000.0,USD/GB,mccallum,1,4Mx9-80 SIMM @ $145,"Historical, John C. McCallum (jcmit.net) via Internet Archive",0.00390625,145.0,SIMM
1992-04-01,DRAM,McCallum DRAM (historical),usd_per_gb,35000.0,USD/GB,mccallum,1,4Mx9-?? SIMM @ $139,"Historical, John C. McCallum (jcmit.net) via Internet Archive",0.00390625,139.0,SIMM
1992-04-30,DRAM,McCallum DRAM (historical),usd_per_gb,30000.0,USD/GB,mccallum,1,4Mx9-80 SIMM @ $120,"Historical, John C. McCallum (jcmit.net) via Internet Archive",0.00390625,120.0,SIMM
1992-06-02,DRAM,McCallum DRAM (historical),usd_per_gb,33000.0,USD/GB,mccallum,1,4Mx9-80 SIMM @ $130,"Historical, John C. McCallum (jcmit.net) via Internet Archive",0.00390625,130.0,SIMM
1992-07-01,DRAM,McCallum DRAM (historical),usd_per_gb,34000.0,USD/GB,mccallum,1,4Mx9-80 SIMM @ $134,"Historical, John C. McCallum (jcmit.net) via Internet Archive",0.00390625,134.0,SIMM
1992-07-31,DRAM,McCallum DRAM (historical),usd_per_gb,31000.0,USD/GB,mccallum,1,4Mx9-70 SIMM @ $124,"Historical, John C. McCallum (jcmit.net) via Internet Archive",0.00390625,124.0,SIMM
1992-09-02,DRAM,McCallum DRAM (historical),usd_per_gb,27500.0,USD/GB,mccallum,1,4Mx9-80 SIMM @ $110,"Historical, John C. McCallum (jcmit.net) via Internet Archive",0.00390625,110.0,SIMM
1992-10-01,DRAM,McCallum DRAM (historical),usd_per_gb,26300.0,USD/GB,mccallum,1,4Mx9-80 SIMM @ $105,"Historical, John C. McCallum (jcmit.net) via Internet Archive",0.00390625,105.0,SIMM
1992-10-30,DRAM,McCallum DRAM (historical),usd_per_gb,26300.0,USD/GB,mccallum,1,4Mx9-80 SIMM @ $105,"Historical, John C. McCallum (jcmit.net) via Internet Archive",0.00390625,105.0,SIMM
1992-12-02,DRAM,McCallum DRAM (historical),usd_per_gb,26300.0,USD/GB,mccallum,1,4Mx9-80 SIMM @ $105,"Historical, John C. McCallum (jcmit.net) via Internet Archive",0.00390625,105.0,SIMM
1993-01-01,DRAM,McCallum DRAM (historical),usd_per_gb,33100.0,USD/GB,mccallum,1,4Mx36-?? SIMM @ $526,"Historical, John C. McCallum (jcmit.net) via Internet Archive",0.015625,529.0,SIMM
1993-01-30,DRAM,McCallum DRAM (historical),usd_per_gb,27500.0,USD/GB,mccallum,1,4Mx9-70 SIMM @ $110,"Historical, John C. McCallum (jcmit.net) via Internet Archive",0.00390625,110.0,SIMM
1993-03-04,DRAM,McCallum DRAM (historical),usd_per_gb,27500.0,USD/GB,mccallum,1,4Mx9-70 SIMM @ $110,"Historical, John C. McCallum (jcmit.net) via Internet Archive",0.00390625,110.0,SIMM
1993-04-02,DRAM,McCallum DRAM (historical),usd_per_gb,27500.0,USD/GB,mccallum,1,4Mx9-70 SIMM @ $110,"Historical, John C. McCallum (jcmit.net) via Internet Archive",0.00390625,110.0,SIMM
1993-05-01,DRAM,McCallum DRAM (historical),usd_per_gb,27500.0,USD/GB,mccallum,1,4Mx9-70 SIMM @ $110,"Historical, John C. McCallum (jcmit.net) via Internet Archive",0.00390625,110.0,SIMM
1993-06-03,DRAM,McCallum DRAM (historical),usd_per_gb,30000.0,USD/GB,mccallum,1,1Mx9-100 SIMM @ $30,"Historical, John C. McCallum (jcmit.net) via Internet Archive",0.000976562,30.0,SIMM
1993-07-02,DRAM,McCallum DRAM (historical),usd_per_gb,30000.0,USD/GB,mccallum,1,1Mx9-100 SIMM @ $30,"Historical, John C. McCallum (jcmit.net) via Internet Archive",0.000976562,30.0,SIMM
1993-08-01,DRAM,McCallum DRAM (historical),usd_per_gb,30000.0,USD/GB,mccallum,1,1Mx9-100 SIMM @ $30,"Historical, John C. McCallum (jcmit.net) via Internet Archive",0.000976562,30.0,SIMM
1993-09-03,DRAM,McCallum DRAM (historical),usd_per_gb,30000.0,USD/GB,mccallum,1,1Mx9-100 SIMM @ $30,"Historical, John C. McCallum (jcmit.net) via Internet Archive",0.000976562,30.0,SIMM
1993-10-02,DRAM,McCallum DRAM (historical),usd_per_gb,36000.0,USD/GB,mccallum,1,4Mx9-80 SIMM @ $144,"Historical, John C. McCallum (jcmit.net) via Internet Archive",0.00390625,144.0,SIMM
1993-10-31,DRAM,McCallum DRAM (historical),usd_per_gb,39800.0,USD/GB,mccallum,1,4Mx9-70 SIMM @ $159,"Historical, John C. McCallum (jcmit.net) via Internet Archive",0.00390625,159.0,SIMM
1993-12-03,DRAM,McCallum DRAM (historical),usd_per_gb,35800.0,USD/GB,mccallum,1,4Mx3x3-70 SIMM @ $143,"Historical, John C. McCallum (jcmit.net) via Internet Archive",0.00390625,143.0,SIMM
1994-01-01,DRAM,McCallum DRAM (historical),usd_per_gb,35800.0,USD/GB,mccallum,1,4Mx3x3-70 SIMM @ $143,"Historical, John C. McCallum (jcmit.net) via Internet Archive",0.00390625,143.0,SIMM
1994-01-30,DRAM,McCallum DRAM (historical),usd_per_gb,35800.0,USD/GB,mccallum,1,4Mx3x3-70 SIMM @ $143,"Historical, John C. McCallum (jcmit.net) via Internet Archive",0.00390625,143.0,SIMM
1994-03-04,DRAM,McCallum DRAM (historical),usd_per_gb,36000.0,USD/GB,mccallum,1,4Mx9-80 SIMM @ $144,"Historical, John C. McCallum (jcmit.net) via Internet Archive",0.00390625,144.0,SIMM
1994-04-02,DRAM,McCallum DRAM (historical),usd_per_gb,37300.0,USD/GB,mccallum,1,4Mx9-80 SIMM @ $149,"Historical, John C. McCallum (jcmit.net) via Internet Archive",0.00390625,149.0,SIMM
1994-05-01,DRAM,McCallum DRAM (historical),usd_per_gb,37300.0,USD/GB,mccallum,1,4Mx9-80 SIMM @ $149,"Historical, John C. McCallum (jcmit.net) via Internet Archive",0.00390625,149.0,SIMM
1994-06-03,DRAM,McCallum DRAM (historical),usd_per_gb,37300.0,USD/GB,mccallum,1,4Mx9-80 SIMM @ $149,"Historical, John C. McCallum (jcmit.net) via Internet Archive",0.00390625,149.0,SIMM
1994-07-02,DRAM,McCallum DRAM (historical),usd_per_gb,38500.0,USD/GB,mccallum,1,4Mx9-80 SIMM @ $154,"Historical, John C. McCallum (jcmit.net) via Internet Archive",0.00390625,154.0,SIMM
1994-08-01,DRAM,McCallum DRAM (historical),usd_per_gb,37000.0,USD/GB,mccallum,1,1Mx9-100 SIMM @ $37,"Historical, John C. McCallum (jcmit.net) via Internet Archive",0.000976562,37.0,SIMM
1994-09-03,DRAM,McCallum DRAM (historical),usd_per_gb,34000.0,USD/GB,mccallum,1,4Mx9-70 SIMM @ $136,"Historical, John C. McCallum (jcmit.net) via Internet Archive",0.00390625,136.0,SIMM
1994-10-02,DRAM,McCallum DRAM (historical),usd_per_gb,33500.0,USD/GB,mccallum,1,4Mx9-70 SIMM @ $134,"Historical, John C. McCallum (jcmit.net) via Internet Archive",0.00390625,134.0,SIMM
1994-10-31,DRAM,McCallum DRAM (historical),usd_per_gb,32300.0,USD/GB,mccallum,1,4Mx9-70 SIMM @ $129,"Historical, John C. McCallum (jcmit.net) via Internet Archive",0.00390625,129.0,SIMM
1994-12-03,DRAM,McCallum DRAM (historical),usd_per_gb,32300.0,USD/GB,mccallum,1,4Mx9-70 SIMM @ $129,"Historical, John C. McCallum (jcmit.net) via Internet Archive",0.00390625,129.0,SIMM
1995-01-01,DRAM,McCallum DRAM (historical),usd_per_gb,32300.0,USD/GB,mccallum,1,4Mx9-80 SIMM @ $129,"Historical, John C. McCallum (jcmit.net) via Internet Archive",0.00390625,129.0,SIMM
1995-01-30,DRAM,McCallum DRAM (historical),usd_per_gb,32000.0,USD/GB,mccallum,1,4Mx9-70 SIMM @ $129,"Historical, John C. McCallum (jcmit.net) via Internet Archive",0.00390625,128.0,SIMM
1995-03-04,DRAM,McCallum DRAM (historical),usd_per_gb,32000.0,USD/GB,mccallum,1,4Mx9-70 SIMM @ $129,"Historical, John C. McCallum (jcmit.net) via Internet Archive",0.00390625,128.0,SIMM
1995-04-02,DRAM,McCallum DRAM (historical),usd_per_gb,31200.0,USD/GB,mccallum,1,4Mx36-70 SIMM [72 pin] @ $499,"Historical, John C. McCallum (jcmit.net) via Internet Archive",0.015625,499.0,SIMM
1995-05-01,DRAM,McCallum DRAM (historical),usd_per_gb,31200.0,USD/GB,mccallum,1,4Mx36-70 SIMM [72 pin] @ $499,"Historical, John C. McCallum (jcmit.net) via Internet Archive",0.015625,499.0,SIMM
1995-06-03,DRAM,McCallum DRAM (historical),usd_per_gb,31100.0,USD/GB,mccallum,1,4Mx36-70 SIMM [72 pin] @ $498,"Historical, John C. McCallum (jcmit.net) via Internet Archive",0.015625,498.0,SIMM
1995-07-02,DRAM,McCallum DRAM (historical),usd_per_gb,31200.0,USD/GB,mccallum,1,4Mx36-70 SIMM [72 pin] @ $499,"Historical, John C. McCallum (jcmit.net) via Internet Archive",0.015625,499.0,SIMM
1995-08-01,DRAM,McCallum DRAM (historical),usd_per_gb,30600.0,USD/GB,mccallum,1,4Mx36-70 SIMM [72 pin] @ $489,"Historical, John C. McCallum (jcmit.net) via Internet Archive",0.015625,489.0,SIMM
1995-09-03,DRAM,McCallum DRAM (historical),usd_per_gb,33100.0,USD/GB,mccallum,1,4Mx36-70 SIMM [72 pin] @ $529,"Historical, John C. McCallum (jcmit.net) via Internet Archive",0.015625,529.0,SIMM
1995-10-02,DRAM,McCallum DRAM (historical),usd_per_gb,33100.0,USD/GB,mccallum,1,4Mx36-70 SIMM [72 pin] @ $529,"Historical, John C. McCallum (jcmit.net) via Internet Archive",0.015625,529.0,SIMM
1995-10-31,DRAM,McCallum DRAM (historical),usd_per_gb,30900.0,USD/GB,mccallum,1,4Mx36-70 SIMM [72 pin] @ $494,"Historical, John C. McCallum (jcmit.net) via Internet Archive",0.015625,494.0,SIMM
1995-12-03,DRAM,McCallum DRAM (historical),usd_per_gb,30900.0,USD/GB,mccallum,1,4Mx36-70 SIMM [72 pin] @ $494,"Historical, John C. McCallum (jcmit.net) via Internet Archive",0.015625,494.0,SIMM
1996-01-01,DRAM,McCallum DRAM (historical),usd_per_gb,29900.0,USD/GB,mccallum,1,4Mx36-70 SIMM [72 pin] @ $478,"Historical, John C. McCallum (jcmit.net) via Internet Archive",0.015625,478.0,SIMM
1996-01-30,DRAM,McCallum DRAM (historical),usd_per_gb,28800.0,USD/GB,mccallum,1,4Mx36-70 SIMM [72 pin] @ $460,"Historical, John C. McCallum (jcmit.net) via Internet Archive",0.015625,460.0,SIMM
1996-03-03,DRAM,McCallum DRAM (historical),usd_per_gb,26100.0,USD/GB,mccallum,1,2Mx36-70 SIMM [72 pin] @ $209,"Historical, John C. McCallum (jcmit.net) via Internet Archive",0.0078125,209.0,SIMM
1996-04-01,DRAM,McCallum DRAM (historical),usd_per_gb,24700.0,USD/GB,mccallum,1,4Mx36-70 SIMM [72 pin] @ $395,"Historical, John C. McCallum (jcmit.net) via Internet Archive",0.015625,395.0,SIMM
1996-04-30,DRAM,McCallum DRAM (historical),usd_per_gb,17190.0,USD/GB,mccallum,1,8Mx36-60 SIMM [72 pin] @ $550,"Historical, John C. McCallum (jcmit.net) via Internet Archive",0.03125,550.0,SIMM
1996-06-02,DRAM,McCallum DRAM (historical),usd_per_gb,14880.0,USD/GB,mccallum,1,2Mx36-70 SIMM [72 pin] @ $119,"Historical, John C. McCallum (jcmit.net) via Internet Archive",0.0078125,119.0,SIMM
1996-07-01,DRAM,McCallum DRAM (historical),usd_per_gb,11250.0,USD/GB,mccallum,1,4Mx32-60 SIMM [72 pin] @ $180,"Historical, John C. McCallum (jcmit.net) via Internet Archive",0.015625,180.0,SIMM
1996-07-31,DRAM,McCallum DRAM (historical),usd_per_gb,9060.0,USD/GB,mccallum,1,4Mx36-60 SIMM [72 pin] @ $145,"Historical, John C. McCallum (jcmit.net) via Internet Archive",0.015625,145.0,SIMM
1996-09-02,DRAM,McCallum DRAM (historical),usd_per_gb,8440.0,USD/GB,mccallum,1,4Mx36-60 SIMM [72 pin] @ $135,"Historical, John C. McCallum (jcmit.net) via Internet Archive",0.015625,135.0,SIMM
1996-10-01,DRAM,McCallum DRAM (historical),usd_per_gb,8000.0,USD/GB,mccallum,1,4Mx36-70 SIMM [72 pin] @ $128,"Historical, John C. McCallum (jcmit.net) via Internet Archive",0.015625,128.0,SIMM
1996-10-30,DRAM,McCallum DRAM (historical),usd_per_gb,5250.0,USD/GB,mccallum,1,2Mx32-70 SIMM [72 pin] @ $42,"Historical, John C. McCallum (jcmit.net) via Internet Archive",0.0078125,42.0,SIMM
1996-12-02,DRAM,McCallum DRAM (historical),usd_per_gb,5250.0,USD/GB,mccallum,1,2Mx32-70 SIMM [72 pin] @ $42,"Historical, John C. McCallum (jcmit.net) via Internet Archive",0.0078125,42.0,SIMM
1997-01-01,DRAM,McCallum DRAM (historical),usd_per_gb,4630.0,USD/GB,mccallum,1,2Mx32-60 SIMM EDO [72 pin] @ $37,"Historical, John C. McCallum (jcmit.net) via Internet Archive",0.0078125,37.0,EDO
1997-01-30,DRAM,McCallum DRAM (historical),usd_per_gb,3630.0,USD/GB,mccallum,1,2Mx32-60 SIMM EDO [72 pin] @ $29,"Historical, John C. McCallum (jcmit.net) via Internet Archive",0.0078125,29.0,EDO
1997-03-04,DRAM,McCallum DRAM (historical),usd_per_gb,3000.0,USD/GB,mccallum,1,2Mx32-60 SIMM EDO [72 pin] @ $24,"Historical, John C. McCallum (jcmit.net) via Internet Archive",0.0078125,24.0,EDO
1997-04-02,DRAM,McCallum DRAM (historical),usd_per_gb,3000.0,USD/GB,mccallum,1,2Mx32-60 SIMM EDO [72 pin] @ $24,"Historical, John C. McCallum (jcmit.net) via Internet Archive",0.0078125,24.0,EDO
1997-05-01,DRAM,McCallum DRAM (historical),usd_per_gb,3000.0,USD/GB,mccallum,1,2Mx32-60 SIMM EDO [72 pin] @ $24,"Historical, John C. McCallum (jcmit.net) via Internet Archive",0.0078125,24.0,EDO
1997-06-03,DRAM,McCallum DRAM (historical),usd_per_gb,3690.0,USD/GB,mccallum,1,4Mx32-60 SIMM EDO [72 pin] @ $59,"Historical, John C. McCallum (jcmit.net) via Internet Archive",0.015625,59.0,EDO
1997-07-02,DRAM,McCallum DRAM (historical),usd_per_gb,4000.0,USD/GB,mccallum,1,2Mx32-? SIMM EDO [72 pin] @ $32,"Historical, John C. McCallum (jcmit.net) via Internet Archive",0.0078125,32.0,EDO
1997-08-01,DRAM,McCallum DRAM (historical),usd_per_gb,4130.0,USD/GB,mccallum,1,2Mx32-? SIMM FPM [72 pin] @ $33,"Historical, John C. McCallum (jcmit.net) via Internet Archive",0.0078125,33.0,SIMM
1997-09-03,DRAM,McCallum DRAM (historical),usd_per_gb,3630.0,USD/GB,mccallum,1,???,"Historical, John C. McCallum (jcmit.net) via Internet Archive",0.015625,58.0,
1997-10-02,DRAM,McCallum DRAM (historical),usd_per_gb,3410.0,USD/GB,mccallum,1,???,"Historical, John C. McCallum (jcmit.net) via Internet Archive",0.03125,109.0,
1997-10-31,DRAM,McCallum DRAM (historical),usd_per_gb,3250.0,USD/GB,mccallum,1,8Mx32-? SIMM EDO [72 pin] @ $104,"Historical, John C. McCallum (jcmit.net) via Internet Archive",0.03125,104.0,EDO
1997-12-03,DRAM,McCallum DRAM (historical),usd_per_gb,2160.0,USD/GB,mccallum,1,8Mx32-? SIMM EDO [72 pin] @ $69,"Historical, John C. McCallum (jcmit.net) via Internet Archive",0.03125,69.0,EDO
1998-01-01,DRAM,McCallum DRAM (historical),usd_per_gb,2160.0,USD/GB,mccallum,1,8Mx32-? SIMM EDO [72 pin] @ $69,"Historical, John C. McCallum (jcmit.net) via Internet Archive",0.03125,69.0,EDO
1998-01-30,DRAM,McCallum DRAM (historical),usd_per_gb,910.0,USD/GB,mccallum,1,8Mx32-? SIMM EDO [72 pin] @ $29,"Historical, John C. McCallum (jcmit.net) via Internet Archive",0.03125,29.0,EDO
1998-03-04,DRAM,McCallum DRAM (historical),usd_per_gb,970.0,USD/GB,mccallum,1,8Mx32-? SIMM EDO [72 pin] @ $31,"Historical, John C. McCallum (jcmit.net) via Internet Archive",0.03125,31.0,EDO
1998-04-02,DRAM,McCallum DRAM (historical),usd_per_gb,1220.0,USD/GB,mccallum,1,8Mx32-? SIMM EDO [72 pin] @ $39,"Historical, John C. McCallum (jcmit.net) via Internet Archive",0.03125,39.0,EDO
1998-05-01,DRAM,McCallum DRAM (historical),usd_per_gb,1190.0,USD/GB,mccallum,1,8Mx32-? SIMM EDO [72 pin] @ $38,"Historical, John C. McCallum (jcmit.net) via Internet Archive",0.03125,38.0,EDO
1998-06-03,DRAM,McCallum DRAM (historical),usd_per_gb,970.0,USD/GB,mccallum,1,8Mx32-? SIMM EDO [72 pin] @ $31,"Historical, John C. McCallum (jcmit.net) via Internet Archive",0.03125,31.0,EDO
1998-08-01,DRAM,McCallum DRAM (historical),usd_per_gb,1030.0,USD/GB,mccallum,1,4Mx64-? DIMM SDRAM @ $33,"Historical, John C. McCallum (jcmit.net) via Internet Archive",0.03125,33.0,SDRAM
1998-09-03,DRAM,McCallum DRAM (historical),usd_per_gb,970.0,USD/GB,mccallum,1,8Mx32-? SIMM EDO [72 pin] @ $31,"Historical, John C. McCallum (jcmit.net) via Internet Archive",0.03125,31.0,EDO
1998-10-02,DRAM,McCallum DRAM (historical),usd_per_gb,1160.0,USD/GB,mccallum,1,8Mx32-? SIMM EDO [72 pin] @ $37,"Historical, John C. McCallum (jcmit.net) via Internet Archive",0.03125,37.0,EDO
1998-10-31,DRAM,McCallum DRAM (historical),usd_per_gb,840.0,USD/GB,mccallum,1,8Mx32-? SIMM FPM [72 pin] @ $27,"Historical, John C. McCallum (jcmit.net) via Internet Archive",0.03125,27.0,SIMM
1998-12-03,DRAM,McCallum DRAM (historical),usd_per_gb,840.0,USD/GB,mccallum,1,8Mx32-? SIMM FPM [72 pin] @ $27,"Historical, John C. McCallum (jcmit.net) via Internet Archive",0.03125,27.0,SIMM
1999-01-30,DRAM,McCallum DRAM (historical),usd_per_gb,1440.0,USD/GB,mccallum,1,8Mx32-? SIMM FPM [72 pin] @ $46,"Historical, John C. McCallum (jcmit.net) via Internet Archive",0.03125,46.0,SIMM
1999-02-17,DRAM,McCallum DRAM (historical),usd_per_gb,840.0,USD/GB,mccallum,1,8Mx32-? SIMM FPM [72 pin] @ $27,"Historical, John C. McCallum (jcmit.net) via Internet Archive",0.03125,27.0,SIMM
1999-03-04,DRAM,McCallum DRAM (historical),usd_per_gb,1250.0,USD/GB,mccallum,1,64 MB DIMM PC-100 @ $79.99,"Historical, John C. McCallum (jcmit.net) via Internet Archive",0.0625,79.99,SDRAM
1999-04-02,DRAM,McCallum DRAM (historical),usd_per_gb,1250.0,USD/GB,mccallum,1,64 MB DIMM PC-100 @ $79.99,"Historical, John C. McCallum (jcmit.net) via Internet Archive",0.0625,79.99,SDRAM
1999-05-01,DRAM,McCallum DRAM (historical),usd_per_gb,860.0,USD/GB,mccallum,1,64 MB DIMM PC-100 @ $54.99,"Historical, John C. McCallum (jcmit.net) via Internet Archive",0.0625,54.99,SDRAM
1999-07-02,DRAM,McCallum DRAM (historical),usd_per_gb,780.0,USD/GB,mccallum,1,128 MB DIMM PC-100 @ $99.99,"Historical, John C. McCallum (jcmit.net) via Internet Archive",0.125,99.99,SDRAM
1999-09-03,DRAM,McCallum DRAM (historical),usd_per_gb,870.0,USD/GB,mccallum,1,128 MB DIMM PC-100 @ $111.14,"Historical, John C. McCallum (jcmit.net) via Internet Archive",0.125,111.14,SDRAM
1999-10-02,DRAM,McCallum DRAM (historical),usd_per_gb,1040.0,USD/GB,mccallum,1,64 MB DIMM PC-100 @ $66.49,"Historical, John C. McCallum (jcmit.net) via Internet Archive",0.0625,66.49,SDRAM
1999-10-31,DRAM,McCallum DRAM (historical),usd_per_gb,1340.0,USD/GB,mccallum,1,128 MB DIMM PC-100 @ $170.99,"Historical, John C. McCallum (jcmit.net) via Internet Archive",0.125,170.99,SDRAM
1999-12-03,DRAM,McCallum DRAM (historical),usd_per_gb,2350.0,USD/GB,mccallum,1,128 MB DIMM PC-100 @ $300.59,"Historical, John C. McCallum (jcmit.net) via Internet Archive",0.125,300.59,SDRAM
2000-01-01,DRAM,McCallum DRAM (historical),usd_per_gb,1560.0,USD/GB,mccallum,1,64 MB DIMM PC-100 @ $99.89,"Historical, John C. McCallum (jcmit.net) via Internet Archive",0.0625,99.89,SDRAM
2000-01-30,DRAM,McCallum DRAM (historical),usd_per_gb,1480.0,USD/GB,mccallum,1,64 MB DIMM PC-100 @ $94.49,"Historical, John C. McCallum (jcmit.net) via Internet Archive",0.0625,94.49,SDRAM
2000-03-03,DRAM,McCallum DRAM (historical),usd_per_gb,1080.0,USD/GB,mccallum,1,64 MB DIMM PC-100 @ $69,"Historical, John C. McCallum (jcmit.net) via Internet Archive",0.0625,69.0,SDRAM
2000-04-01,DRAM,McCallum DRAM (historical),usd_per_gb,840.0,USD/GB,mccallum,1,64 MB DIMM PC-100 @ $53.99,"Historical, John C. McCallum (jcmit.net) via Internet Archive",0.0625,53.99,SDRAM
2000-04-30,DRAM,McCallum DRAM (historical),usd_per_gb,700.0,USD/GB,mccallum,1,128 MB DIMM PC-100 @ $89,"Historical, John C. McCallum (jcmit.net) via Internet Archive",0.125,89.0,SDRAM
2000-06-02,DRAM,McCallum DRAM (historical),usd_per_gb,900.0,USD/GB,mccallum,1,64 MB DIMM PC-100 @ $57.59,"Historical, John C. McCallum (jcmit.net) via Internet Archive",0.0625,57.59,SDRAM
2000-07-01,DRAM,McCallum DRAM (historical),usd_per_gb,770.0,USD/GB,mccallum,1,128 MB DIMM PC-133 @ $99,"Historical, John C. McCallum (jcmit.net) via Internet Archive",0.125,99.0,SDRAM
2000-07-31,DRAM,McCallum DRAM (historical),usd_per_gb,840.0,USD/GB,mccallum,1,64 MB DIMM PC-100 @ $53.99,"Historical, John C. McCallum (jcmit.net) via Internet Archive",0.0625,53.99,SDRAM
2000-09-02,DRAM,McCallum DRAM (historical),usd_per_gb,1070.0,USD/GB,mccallum,1,64 MB DIMM PC-133 @ $68.39,"Historical, John C. McCallum (jcmit.net) via Internet Archive",0.0625,68.39,SDRAM
2000-10-01,DRAM,McCallum DRAM (historical),usd_per_gb,1120.0,USD/GB,mccallum,1,64 MB DIMM PC-133 @ $71.99,"Historical, John C. McCallum (jcmit.net) via Internet Archive",0.0625,71.99,SDRAM
2000-10-30,DRAM,McCallum DRAM (historical),usd_per_gb,1120.0,USD/GB,mccallum,1,64 MB DIMM PC-133 @ $71.99,"Historical, John C. McCallum (jcmit.net) via Internet Archive",0.0625,71.99,SDRAM
2000-12-02,DRAM,McCallum DRAM (historical),usd_per_gb,900.0,USD/GB,mccallum,1,64 MB DIMM PC-133 @ $57.59,"Historical, John C. McCallum (jcmit.net) via Internet Archive",0.0625,57.59,SDRAM
2001-01-01,DRAM,McCallum DRAM (historical),usd_per_gb,750.0,USD/GB,mccallum,1,64 MB DIMM PC-133 @ $47.69,"Historical, John C. McCallum (jcmit.net) via Internet Archive",0.0625,47.69,SDRAM
2001-01-30,DRAM,McCallum DRAM (historical),usd_per_gb,460.0,USD/GB,mccallum,1,128 MB DIMM PC-133 @ $59.39,"Historical, John C. McCallum (jcmit.net) via Internet Archive",0.125,59.39,SDRAM
2001-03-04,DRAM,McCallum DRAM (historical),usd_per_gb,460.0,USD/GB,mccallum,1,128 MB DIMM PC-133 @ $59.39,"Historical, John C. McCallum (jcmit.net) via Internet Archive",0.125,59.39,SDRAM
2001-04-02,DRAM,McCallum DRAM (historical),usd_per_gb,380.0,USD/GB,mccallum,1,128 MB DIMM PC-133 @ $49,"Historical, John C. McCallum (jcmit.net) via Internet Archive",0.125,49.0,SDRAM
2001-05-01,DRAM,McCallum DRAM (historical),usd_per_gb,390.0,USD/GB,mccallum,1,128 MB DIMM PC-100 @ $49.49,"Historical, John C. McCallum (jcmit.net) via Internet Archive",0.125,49.49,SDRAM
2001-06-03,DRAM,McCallum DRAM (historical),usd_per_gb,300.0,USD/GB,mccallum,1,128 MB DIMM PC-133 @ $39,"Historical, John C. McCallum (jcmit.net) via Internet Archive",0.125,39.0,SDRAM
2001-07-02,DRAM,McCallum DRAM (historical),usd_per_gb,270.0,USD/GB,mccallum,1,256 MB DIMM PC-133 @ $69,"Historical, John C. McCallum (jcmit.net) via Internet Archive",0.25,69.0,SDRAM
2001-08-01,DRAM,McCallum DRAM (historical),usd_per_gb,190.0,USD/GB,mccallum,1,256 MB DIMM PC-133 @ $49,"Historical, John C. McCallum (jcmit.net) via Internet Archive",0.25,49.0,SDRAM
2001-09-03,DRAM,McCallum DRAM (historical),usd_per_gb,190.0,USD/GB,mccallum,1,256 MB DIMM PC-133 @ $49,"Historical, John C. McCallum (jcmit.net) via Internet Archive",0.25,49.0,SDRAM
2001-10-02,DRAM,McCallum DRAM (historical),usd_per_gb,170.0,USD/GB,mccallum,1,128 MB DIMM PC-133 @ $21.59,"Historical, John C. McCallum (jcmit.net) via Internet Archive",0.125,21.59,SDRAM
2001-10-09,DRAM,McCallum DRAM (historical),usd_per_gb,150.0,USD/GB,mccallum,1,128 MB DIMM PC-133 @ $18.89,"Historical, John C. McCallum (jcmit.net) via Internet Archive",0.125,18.89,SDRAM
2002-01-30,DRAM,McCallum DRAM (historical),usd_per_gb,210.0,USD/GB,mccallum,1,256 MB DDR PC2100 @ $53.09,"Historical, John C. McCallum (jcmit.net) via Internet Archive",0.25,53.09,DDR
2002-04-02,DRAM,McCallum DRAM (historical),usd_per_gb,190.0,USD/GB,mccallum,1,512 MB DIMM PC-133 @ $99,"Historical, John C. McCallum (jcmit.net) via Internet Archive",0.5,99.0,SDRAM
2002-05-01,DRAM,McCallum DRAM (historical),usd_per_gb,193.0,USD/GB,mccallum,1,512 MB DIMM PC-133 @ $99,"Historical, John C. McCallum (jcmit.net) via Internet Archive",0.5,99.0,SDRAM
2002-06-03,DRAM,McCallum DRAM (historical),usd_per_gb,330.0,USD/GB,mccallum,1,128 MB DIMM PC-133 @ $42.29,"Historical, John C. McCallum (jcmit.net) via Internet Archive",0.125,42.29,SDRAM
2002-08-01,DRAM,McCallum DRAM (historical),usd_per_gb,193.0,USD/GB,mccallum,1,256 MB DIMM PC-133 @ $49.49,"Historical, John C. McCallum (jcmit.net) via Internet Archive",0.25,49.49,SDRAM
2002-10-02,DRAM,McCallum DRAM (historical),usd_per_gb,193.0,USD/GB,mccallum,1,256 MB DIMM PC-133 @ $49.49,"Historical, John C. McCallum (jcmit.net) via Internet Archive",0.25,49.49,SDRAM
2003-03-04,DRAM,McCallum DRAM (historical),usd_per_gb,176.0,USD/GB,mccallum,1,256MB DIMM DDR-2100 @ $45,"Historical, John C. McCallum (jcmit.net) via Internet Archive",0.25,45.0,DDR
2003-04-02,DRAM,McCallum DRAM (historical),usd_per_gb,76.0,USD/GB,mccallum,1,512MB DIMM PC-133 @ $39,"Historical, John C. McCallum (jcmit.net) via Internet Archive",0.5,39.0,SDRAM
2003-08-01,DRAM,McCallum DRAM (historical),usd_per_gb,129.0,USD/GB,mccallum,1,512MB DIMM SDRAM @ $65.99,"Historical, John C. McCallum (jcmit.net) via Internet Archive",0.5,65.99,SDRAM
2003-09-03,DRAM,McCallum DRAM (historical),usd_per_gb,143.0,USD/GB,mccallum,1,512MB DIMM SDRAM @ $72.99,"Historical, John C. McCallum (jcmit.net) via Internet Archive",0.5,72.99,SDRAM
2003-10-02,DRAM,McCallum DRAM (historical),usd_per_gb,148.0,USD/GB,mccallum,1,512MB DIMM SDRAM @ $75.99,"Historical, John C. McCallum (jcmit.net) via Internet Archive",0.5,75.99,SDRAM
2003-10-31,DRAM,McCallum DRAM (historical),usd_per_gb,160.0,USD/GB,mccallum,1,512MB DIMM PC-133 @ $81.99,"Historical, John C. McCallum (jcmit.net) via Internet Archive",0.5,81.99,SDRAM
2003-12-28,DRAM,McCallum DRAM (historical),usd_per_gb,166.0,USD/GB,mccallum,1,512MB DIMM PC-133 @ $84.99,"Historical, John C. McCallum (jcmit.net) via Internet Archive",0.5,84.99,SDRAM
2004-01-01,DRAM,McCallum DRAM (historical),usd_per_gb,174.0,USD/GB,mccallum,1,512MB DIMM DDR-3200 @ $89,"Historical, John C. McCallum (jcmit.net) via Internet Archive",0.5,89.0,DDR
2004-01-30,DRAM,McCallum DRAM (historical),usd_per_gb,148.0,USD/GB,mccallum,1,512MB DIMM DDR-3200 @ $76,"Historical, John C. McCallum (jcmit.net) via Internet Archive",0.5,76.0,DDR
2004-03-03,DRAM,McCallum DRAM (historical),usd_per_gb,146.0,USD/GB,mccallum,1,512MB DIMM DDR-3200 @ $75,"Historical, John C. McCallum (jcmit.net) via Internet Archive",0.5,75.0,DDR
2004-04-30,DRAM,McCallum DRAM (historical),usd_per_gb,156.0,USD/GB,mccallum,1,512MB DIMM DDR-3200 @ $80,"Historical, John C. McCallum (jcmit.net) via Internet Archive",0.5,80.0,DDR
2004-06-02,DRAM,McCallum DRAM (historical),usd_per_gb,203.0,USD/GB,mccallum,1,512MB DIMM DDR-3200 @ $104,"Historical, John C. McCallum (jcmit.net) via Internet Archive",0.5,104.0,DDR
2004-07-01,DRAM,McCallum DRAM (historical),usd_per_gb,176.0,USD/GB,mccallum,1,512MB DIMM DDR-3200 @ $90,"Historical, John C. McCallum (jcmit.net) via Internet Archive",0.5,90.0,DDR
2005-04-02,DRAM,McCallum DRAM (historical),usd_per_gb,185.0,USD/GB,mccallum,1,2x 512MB DIMM DDR-3200 @ $189,"Historical, John C. McCallum (jcmit.net) via Internet Archive",1.0,189.0,DDR
2005-06-03,DRAM,McCallum DRAM (historical),usd_per_gb,149.0,USD/GB,mccallum,1,1GB DIMM DDR PC-3200Pro,"Historical, John C. McCallum (jcmit.net) via Internet Archive",1.0,153.0,DDR
2005-10-31,DRAM,McCallum DRAM (historical),usd_per_gb,116.0,USD/GB,mccallum,1,1GB DIMM DDR2 -533 @ $119,"Historical, John C. McCallum (jcmit.net) via Internet Archive",1.0,119.0,DDR2
2005-12-03,DRAM,McCallum DRAM (historical),usd_per_gb,185.0,USD/GB,mccallum,1,2x 512MB DIMM DDR-4800 @ $189,"Historical, John C. McCallum (jcmit.net) via Internet Archive",1.0,189.0,DDR
2006-03-04,DRAM,McCallum DRAM (historical),usd_per_gb,112.0,USD/GB,mccallum,1,2x 1GB DIMM DDR-500 PC4000 @ $229.81,"Historical, John C. McCallum (jcmit.net) via Internet Archive",2.0,229.81,DDR
2006-05-01,DRAM,McCallum DRAM (historical),usd_per_gb,73.0,USD/GB,mccallum,1,2x 1GB DIMM DDR2-667 @ $148.99 incl shipping,"Historical, John C. McCallum (jcmit.net) via Internet Archive",2.0,148.99,DDR2
2006-07-02,DRAM,McCallum DRAM (historical),usd_per_gb,82.0,USD/GB,mccallum,1,1GB DIMM DDR2-667 @ $83.99,"Historical, John C. McCallum (jcmit.net) via Internet Archive",1.0,83.99,DDR2
2006-09-03,DRAM,McCallum DRAM (historical),usd_per_gb,73.0,USD/GB,mccallum,1,2x 1GB DIMM DDR2-667 @ $179.99-rebate+shipping,"Historical, John C. McCallum (jcmit.net) via Internet Archive",2.0,149.99,DDR2
2006-10-02,DRAM,McCallum DRAM (historical),usd_per_gb,88.0,USD/GB,mccallum,1,2x 1GB DIMM DDR2-667 @ $214.99-rebate+shipping,"Historical, John C. McCallum (jcmit.net) via Internet Archive",2.0,179.98,DDR2
2006-10-31,DRAM,McCallum DRAM (historical),usd_per_gb,93.0,USD/GB,mccallum,1,2x 1GB DIMM DDR2-800 @ $199.99 incl shipping,"Historical, John C. McCallum (jcmit.net) via Internet Archive",2.0,199.99,DDR2
2006-12-28,DRAM,McCallum DRAM (historical),usd_per_gb,92.0,USD/GB,mccallum,1,1GB DIMM DDR-400 @ $88.99 + 4.99 shipping,"Historical, John C. McCallum (jcmit.net) via Internet Archive",1.0,93.98,DDR
2007-01-01,DRAM,McCallum DRAM (historical),usd_per_gb,82.0,USD/GB,mccallum,1,1GB DIMM DDR-400 @ $78.99 + 4.99 shipping,"Historical, John C. McCallum (jcmit.net) via Internet Archive",1.0,83.98,DDR
2007-01-30,DRAM,McCallum DRAM (historical),usd_per_gb,78.0,USD/GB,mccallum,1,1GB DIMM DDR2-800 @ $74.99 + 4.99 shipping,"Historical, John C. McCallum (jcmit.net) via Internet Archive",1.0,79.98,DDR2
2007-03-04,DRAM,McCallum DRAM (historical),usd_per_gb,66.0,USD/GB,mccallum,1,2x 1GB DIMM DDR2-667 @ $129.99 + 4.99 shipping,"Historical, John C. McCallum (jcmit.net) via Internet Archive",2.0,134.98,DDR2
2007-05-01,DRAM,McCallum DRAM (historical),usd_per_gb,46.0,USD/GB,mccallum,1,2x 1GB DIMM DDR2-800 @ $94.99 free shipping,"Historical, John C. McCallum (jcmit.net) via Internet Archive",2.0,94.99,DDR2
2007-07-02,DRAM,McCallum DRAM (historical),usd_per_gb,39.0,USD/GB,mccallum,1,2x 1GB DIMM DDR2-667 @ $73.99 + 4.99 shipping,"Historical, John C. McCallum (jcmit.net) via Internet Archive",2.0,78.98,DDR2
2007-09-03,DRAM,McCallum DRAM (historical),usd_per_gb,35.0,USD/GB,mccallum,1,2x 1GB DIMM DDR2-800 @ $66.99 + 4.99 shipping,"Historical, John C. McCallum (jcmit.net) via Internet Archive",2.0,71.98,DDR2
2007-10-02,DRAM,McCallum DRAM (historical),usd_per_gb,32.0,USD/GB,mccallum,1,2x 1GB DIMM DDR2-800 @ $60.99 + 4.99 shipping,"Historical, John C. McCallum (jcmit.net) via Internet Archive",2.0,65.98,DDR2
2007-10-31,DRAM,McCallum DRAM (historical),usd_per_gb,24.0,USD/GB,mccallum,1,2x 1GB DIMM DDR2-667 @ $44.99 + 4.99 shipping,"Historical, John C. McCallum (jcmit.net) via Internet Archive",2.0,49.98,DDR2
2007-12-03,DRAM,McCallum DRAM (historical),usd_per_gb,24.0,USD/GB,mccallum,1,2x 1GB DIMM DDR2-800 @ $49.95 free shipping,"Historical, John C. McCallum (jcmit.net) via Internet Archive",2.0,49.95,DDR2
2008-01-01,DRAM,McCallum DRAM (historical),usd_per_gb,23.0,USD/GB,mccallum,1,2x 2GB DIMM DDR2-800 @ $94.99 free shipping,"Historical, John C. McCallum (jcmit.net) via Internet Archive",4.0,94.99,DDR2
2008-01-30,DRAM,McCallum DRAM (historical),usd_per_gb,22.0,USD/GB,mccallum,1,2x 1GB DIMM DDR2-800 @ $44.99 free shipping,"Historical, John C. McCallum (jcmit.net) via Internet Archive",2.0,44.99,DDR2
2008-04-30,DRAM,McCallum DRAM (historical),usd_per_gb,22.0,USD/GB,mccallum,1,2x 1GB DIMM DDR2-800 @ $44.99 free shipping,"Historical, John C. McCallum (jcmit.net) via Internet Archive",2.0,44.99,DDR2
2008-07-01,DRAM,McCallum DRAM (historical),usd_per_gb,21.0,USD/GB,mccallum,1,2x 2GB DIMM DDR2-800 @ $77.99 + 6.99 shipping,"Historical, John C. McCallum (jcmit.net) via Internet Archive",4.0,84.98,DDR2
2008-07-31,DRAM,McCallum DRAM (historical),usd_per_gb,18.0,USD/GB,mccallum,1,2x 1GB DIMM DDR2-667 @ $35.99 free shipping,"Historical, John C. McCallum (jcmit.net) via Internet Archive",2.0,35.99,DDR2
2008-09-02,DRAM,McCallum DRAM (historical),usd_per_gb,15.0,USD/GB,mccallum,1,2x 1GB DIMM DDR2-667 @ $29.99 free shipping,"Historical, John C. McCallum (jcmit.net) via Internet Archive",2.0,29.99,DDR2
2008-10-30,DRAM,McCallum DRAM (historical),usd_per_gb,11.0,USD/GB,mccallum,1,2x 2GB DIMM DDR2-800 @ $49.99 + free shipping,"Historical, John C. McCallum (jcmit.net) via Internet Archive",4.0,44.99,DDR2
2008-12-02,DRAM,McCallum DRAM (historical),usd_per_gb,10.0,USD/GB,mccallum,1,2x 2GB DIMM DDR2-800 @ $39.99 + free shipping,"Historical, John C. McCallum (jcmit.net) via Internet Archive",4.0,39.99,DDR2
2009-01-01,DRAM,McCallum DRAM (historical),usd_per_gb,10.0,USD/GB,mccallum,1,2x 2GB DIMM DDR2-800 @ $39.99 + free shipping,"Historical, John C. McCallum (jcmit.net) via Internet Archive",4.0,39.99,DDR2
2009-01-30,DRAM,McCallum DRAM (historical),usd_per_gb,10.7,USD/GB,mccallum,1,2x 1GB DIMM DDR2-800 @ $21.99 + free shipping,"Historical, John C. McCallum (jcmit.net) via Internet Archive",2.0,21.99,DDR2
2009-04-02,DRAM,McCallum DRAM (historical),usd_per_gb,10.5,USD/GB,mccallum,1,2x 2GB DIMM DDR2-800 @ $42.99 + free shipping,"Historical, John C. McCallum (jcmit.net) via Internet Archive",4.0,42.99,DDR2
2009-06-03,DRAM,McCallum DRAM (historical),usd_per_gb,11.5,USD/GB,mccallum,1,2x 2GB DIMM DDR2-800 @ $46.99 + free shipping,"Historical, John C. McCallum (jcmit.net) via Internet Archive",4.0,46.99,DDR2
2009-07-02,DRAM,McCallum DRAM (historical),usd_per_gb,11.0,USD/GB,mccallum,1,2x 2GB DIMM DDR2-800 @ $44.99 + free shipping,"Historical, John C. McCallum (jcmit.net) via Internet Archive",4.0,44.99,DDR2
2009-08-01,DRAM,McCallum DRAM (historical),usd_per_gb,12.7,USD/GB,mccallum,1,2x 2GB DIMM DDR2-800 @ $51.99 + free shipping,"Historical, John C. McCallum (jcmit.net) via Internet Archive",4.0,51.99,DDR2
2009-10-02,DRAM,McCallum DRAM (historical),usd_per_gb,18.3,USD/GB,mccallum,1,2x 2GB DIMM DDR2-1066 @ $74.99 + free shipping,"Historical, John C. McCallum (jcmit.net) via Internet Archive",4.0,74.99,DDR2
2009-12-03,DRAM,McCallum DRAM (historical),usd_per_gb,20.5,USD/GB,mccallum,1,2GB DIMM DDR2-800 @ $41.99 + free shipping,"Historical, John C. McCallum (jcmit.net) via Internet Archive",2.0,41.99,DDR2
2010-01-01,DRAM,McCallum DRAM (historical),usd_per_gb,19.0,USD/GB,mccallum,1,2x 2GB DIMM DDR2-800 @ $41.99 + free shipping,"Historical, John C. McCallum (jcmit.net) via Internet Archive",4.0,77.99,DDR2
2010-01-30,DRAM,McCallum DRAM (historical),usd_per_gb,20.2,USD/GB,mccallum,1,2x 2GB DIMM DDR2-667 @ $79.99 + 2.99 shipping,"Historical, John C. McCallum (jcmit.net) via Internet Archive",4.0,82.78,DDR2
2010-03-04,DRAM,McCallum DRAM (historical),usd_per_gb,19.5,USD/GB,mccallum,1,2x 1GB DIMM DDR2-800 @ $39.99 + free shipping,"Historical, John C. McCallum (jcmit.net) via Internet Archive",2.0,39.99,DDR2
2010-05-01,DRAM,McCallum DRAM (historical),usd_per_gb,24.2,USD/GB,mccallum,1,2x 2GB DIMM DDR2-800 @ $92.99 + 5.99 shipping,"Historical, John C. McCallum (jcmit.net) via Internet Archive",4.0,98.98,DDR2
2010-07-02,DRAM,McCallum DRAM (historical),usd_per_gb,21.0,USD/GB,mccallum,1,2x 2GB DIMM DDR3-1333 @ $84.99 + 0.99 shipping,"Historical, John C. McCallum (jcmit.net) via Internet Archive",4.0,85.98,DDR3
2010-08-01,DRAM,McCallum DRAM (historical),usd_per_gb,22.0,USD/GB,mccallum,1,2x 2GB DIMM DDR3-1333 @ $89.99 + free shipping,"Historical, John C. McCallum (jcmit.net) via Internet Archive",4.0,89.99,DDR3
2010-10-02,DRAM,McCallum DRAM (historical),usd_per_gb,17.1,USD/GB,mccallum,1,2x 2GB DIMM DDR3-1066 @ $69.99 + free shipping,"Historical, John C. McCallum (jcmit.net) via Internet Archive",4.0,69.99,DDR3
2010-10-31,DRAM,McCallum DRAM (historical),usd_per_gb,14.6,USD/GB,mccallum,1,2x 2GB DIMM DDR3-1333 @ $59.99 + free shipping,"Historical, John C. McCallum (jcmit.net) via Internet Archive",4.0,59.99,DDR3
2010-12-03,DRAM,McCallum DRAM (historical),usd_per_gb,12.2,USD/GB,mccallum,1,2x 4GB DIMM DDR3-1333 @ $99.99 + free shipping,"Historical, John C. McCallum (jcmit.net) via Internet Archive",8.0,99.99,DDR3
2011-01-01,DRAM,McCallum DRAM (historical),usd_per_gb,10.0,USD/GB,mccallum,1,2x 2GB DIMM DDR3-1333 @ $40.98 + free shipping,"Historical, John C. McCallum (jcmit.net) via Internet Archive",4.0,40.98,DDR3
2011-01-30,DRAM,McCallum DRAM (historical),usd_per_gb,10.3,USD/GB,mccallum,1,1x 4GB DIMM DDR3-1333 @ $41.99 + free shipping,"Historical, John C. McCallum (jcmit.net) via Internet Archive",4.0,41.99,DDR3
2011-05-01,DRAM,McCallum DRAM (historical),usd_per_gb,10.0,USD/GB,mccallum,1,2x 4GB DIMM DDR3-1333 @ $81.99 + free shipping,"Historical, John C. McCallum (jcmit.net) via Internet Archive",8.0,81.99,DDR3
2011-06-03,DRAM,McCallum DRAM (historical),usd_per_gb,8.5,USD/GB,mccallum,1,2x 4GB DIMM DDR3-1333 @ $69.99 + free shipping,"Historical, John C. McCallum (jcmit.net) via Internet Archive",8.0,69.99,DDR3
2011-09-03,DRAM,McCallum DRAM (historical),usd_per_gb,5.4,USD/GB,mccallum,1,1x 4GB DIMM DDR3-1333 @ $21.99 + free shipping,"Historical, John C. McCallum (jcmit.net) via Internet Archive",4.0,21.99,DDR3
2011-10-02,DRAM,McCallum DRAM (historical),usd_per_gb,5.1,USD/GB,mccallum,1,2x 4GB DIMM DDR3-1333 @ $41.99 + free shipping,"Historical, John C. McCallum (jcmit.net) via Internet Archive",8.0,41.99,DDR3
2012-01-01,DRAM,McCallum DRAM (historical),usd_per_gb,4.9,USD/GB,mccallum,1,2x 4GB DIMM DDR3-1600 @ $39.99 + free shipping,"Historical, John C. McCallum (jcmit.net) via Internet Archive",8.0,39.99,DDR3
2012-01-30,DRAM,McCallum DRAM (historical),usd_per_gb,4.9,USD/GB,mccallum,1,2x 4GB DIMM DDR3-1600 @ $39.99 + free shipping,"Historical, John C. McCallum (jcmit.net) via Internet Archive",8.0,39.99,DDR3
2012-04-01,DRAM,McCallum DRAM (historical),usd_per_gb,5.0,USD/GB,mccallum,1,2x 4GB DIMM DDR3-1333 @ $40.99 + free shipping,"Historical, John C. McCallum (jcmit.net) via Internet Archive",8.0,40.99,DDR3
2012-04-30,DRAM,McCallum DRAM (historical),usd_per_gb,4.9,USD/GB,mccallum,1,2x 4GB DIMM DDR3-1333 @ $39.99 + free shipping,"Historical, John C. McCallum (jcmit.net) via Internet Archive",8.0,39.99,DDR3
2012-07-31,DRAM,McCallum DRAM (historical),usd_per_gb,4.8,USD/GB,mccallum,1,2x 8GB DIMM DDR3-1333 @ $77.99 + free shipping,"Historical, John C. McCallum (jcmit.net) via Internet Archive",16.0,77.99,DDR3
2012-09-02,DRAM,McCallum DRAM (historical),usd_per_gb,4.0,USD/GB,mccallum,1,2x 8GB DIMM DDR3-1600 @ $64.79 + free shipping,"Historical, John C. McCallum (jcmit.net) via Internet Archive",16.0,64.79,DDR3
2012-10-30,DRAM,McCallum DRAM (historical),usd_per_gb,3.7,USD/GB,mccallum,1,2x 4GB DIMM DDR3-1333 @ $29.99 + free shipping,"Historical, John C. McCallum (jcmit.net) via Internet Archive",8.0,29.99,DDR3
2013-01-01,DRAM,McCallum DRAM (historical),usd_per_gb,4.3,USD/GB,mccallum,1,2x 4GB DIMM DDR3-1600 @ $34.99 + free shipping,"Historical, John C. McCallum (jcmit.net) via Internet Archive",8.0,34.99,DDR3
2013-01-30,DRAM,McCallum DRAM (historical),usd_per_gb,5.4,USD/GB,mccallum,1,2x 8GB DIMM DDR3-1600 @ $88.99 + free shipping,"Historical, John C. McCallum (jcmit.net) via Internet Archive",16.0,88.99,DDR3
2013-05-01,DRAM,McCallum DRAM (historical),usd_per_gb,6.7,USD/GB,mccallum,1,2x 8GB DIMM DDR3-1866 @ $109.99 + free shipping,"Historical, John C. McCallum (jcmit.net) via Internet Archive",16.0,109.99,DDR3
2013-06-03,DRAM,McCallum DRAM (historical),usd_per_gb,6.1,USD/GB,mccallum,1,2x 4GB DIMM DDR3-1333 @ $49.99 + free shipping,"Historical, John C. McCallum (jcmit.net) via Internet Archive",8.0,49.99,DDR3
2013-08-01,DRAM,McCallum DRAM (historical),usd_per_gb,7.3,USD/GB,mccallum,1,2x 4GB DIMM DDR3-1333 @ $59.99 + free shipping,"Historical, John C. McCallum (jcmit.net) via Internet Archive",8.0,59.99,DDR3
2013-09-03,DRAM,McCallum DRAM (historical),usd_per_gb,6.5,USD/GB,mccallum,1,1x 8GB DIMM DDR3-1600 @ $52.99 + free shipping,"Historical, John C. McCallum (jcmit.net) via Internet Archive",8.0,52.99,DDR3
2013-10-02,DRAM,McCallum DRAM (historical),usd_per_gb,8.2,USD/GB,mccallum,1,2x 8GB DIMM DDR3-1866 @ $133.99 + free shipping,"Historical, John C. McCallum (jcmit.net) via Internet Archive",16.0,133.99,DDR3
2013-10-31,DRAM,McCallum DRAM (historical),usd_per_gb,8.5,USD/GB,mccallum,1,1x 8GB DIMM DDR3-1600 @ $69.99 + free shipping,"Historical, John C. McCallum (jcmit.net) via Internet Archive",8.0,69.99,DDR3
2013-12-03,DRAM,McCallum DRAM (historical),usd_per_gb,7.9,USD/GB,mccallum,1,2x 8GB DIMM DDR3-1600 @ $129.99 + free shipping,"Historical, John C. McCallum (jcmit.net) via Internet Archive",16.0,129.99,DDR3
2014-01-30,DRAM,McCallum DRAM (historical),usd_per_gb,9.5,USD/GB,mccallum,1,1x 4GB DIMM DDR3-1600 @ $38.99 + free shipping,"Historical, John C. McCallum (jcmit.net) via Internet Archive",4.0,38.99,DDR3
2014-03-04,DRAM,McCallum DRAM (historical),usd_per_gb,7.9,USD/GB,mccallum,1,2x 4GB DIMM DDR3-1600 @ $64.99 + free shipping,"Historical, John C. McCallum (jcmit.net) via Internet Archive",8.0,64.99,DDR3
2014-04-02,DRAM,McCallum DRAM (historical),usd_per_gb,7.3,USD/GB,mccallum,1,1x 4GB DIMM DDR3-1600 @ $29.99 + free shipping,"Historical, John C. McCallum (jcmit.net) via Internet Archive",4.0,29.99,DDR3
2014-06-03,DRAM,McCallum DRAM (historical),usd_per_gb,7.9,USD/GB,mccallum,1,2x 4GB DIMM DDR3-1333 @ $64.99 + free shipping,"Historical, John C. McCallum (jcmit.net) via Internet Archive",8.0,64.99,DDR3
2014-08-01,DRAM,McCallum DRAM (historical),usd_per_gb,8.5,USD/GB,mccallum,1,2x 4GB DIMM DDR3-1600 @ $69.99 + free shipping,"Historical, John C. McCallum (jcmit.net) via Internet Archive",8.0,69.99,DDR3
2014-09-03,DRAM,McCallum DRAM (historical),usd_per_gb,8.5,USD/GB,mccallum,1,2x 4GB DIMM DDR3-1600 @ $69.99 + free shipping,"Historical, John C. McCallum (jcmit.net) via Internet Archive",8.0,69.99,DDR3
2014-10-31,DRAM,McCallum DRAM (historical),usd_per_gb,8.5,USD/GB,mccallum,1,1x 4GB DIMM DDR3-1600 @ $34.99 + free shipping,"Historical, John C. McCallum (jcmit.net) via Internet Archive",4.0,34.99,DDR3
2015-01-01,DRAM,McCallum DRAM (historical),usd_per_gb,7.8,USD/GB,mccallum,1,1x 8GB DIMM DDR3-1866 @ $63.99 + free shipping,"Historical, John C. McCallum (jcmit.net) via Internet Archive",8.0,63.99,DDR3
2015-01-30,DRAM,McCallum DRAM (historical),usd_per_gb,7.3,USD/GB,mccallum,1,2x 4GB DIMM DDR3-1600 @ $59.99 + free shipping,"Historical, John C. McCallum (jcmit.net) via Internet Archive",8.0,59.99,DDR3
2015-04-02,DRAM,McCallum DRAM (historical),usd_per_gb,6.1,USD/GB,mccallum,1,2x 4GB DIMM DDR3-1600 @ $49.99 + free shipping,"Historical, John C. McCallum (jcmit.net) via Internet Archive",8.0,49.99,DDR3
2015-05-01,DRAM,McCallum DRAM (historical),usd_per_gb,5.6,USD/GB,mccallum,1,2x 8GB DIMM DDR3-1600 @ $91.99 + free shipping,"Historical, John C. McCallum (jcmit.net) via Internet Archive",16.0,91.99,DDR3
2015-07-02,DRAM,McCallum DRAM (historical),usd_per_gb,4.9,USD/GB,mccallum,1,1x 8GB DIMM DDR3-1600 @ $39.99 + free shipping,"Historical, John C. McCallum (jcmit.net) via Internet Archive",8.0,39.99,DDR3
2015-08-01,DRAM,McCallum DRAM (historical),usd_per_gb,4.5,USD/GB,mccallum,1,2x 8GB DIMM DDR3L-1600 @ $73.99 + free shipping,"Historical, John C. McCallum (jcmit.net) via Internet Archive",16.0,73.99,DDR3
2015-09-03,DRAM,McCallum DRAM (historical),usd_per_gb,4.3,USD/GB,mccallum,1,2x 4GB DIMM DDR3-1333 @ $34.99 + free shipping,"Historical, John C. McCallum (jcmit.net) via Internet Archive",8.0,34.99,DDR3
2015-10-02,DRAM,McCallum DRAM (historical),usd_per_gb,4.2,USD/GB,mccallum,1,2x 8GB DIMM DDR3-1600 @ $68.99 + free shipping,"Historical, John C. McCallum (jcmit.net) via Internet Archive",16.0,68.99,DDR3
2015-10-31,DRAM,McCallum DRAM (historical),usd_per_gb,3.8,USD/GB,mccallum,1,2x 8GB DIMM DDR3-1600 @ $62.99 + free shipping,"Historical, John C. McCallum (jcmit.net) via Internet Archive",16.0,62.99,DDR3
2015-12-03,DRAM,McCallum DRAM (historical),usd_per_gb,3.7,USD/GB,mccallum,1,2x 8GB DIMM DDR3-1600 @ $59.99 + free shipping,"Historical, John C. McCallum (jcmit.net) via Internet Archive",16.0,59.99,DDR3
2016-01-30,DRAM,McCallum DRAM (historical),usd_per_gb,3.6,USD/GB,mccallum,1,2x 8GB DIMM DDR3L-1600 @ $58.99 + free shipping,"Historical, John C. McCallum (jcmit.net) via Internet Archive",16.0,58.99,DDR3
2016-04-01,DRAM,McCallum DRAM (historical),usd_per_gb,3.1,USD/GB,mccallum,1,2x 8GB DIMM DDR3L-1600 @ $49.99 + free shipping,"Historical, John C. McCallum (jcmit.net) via Internet Archive",16.0,49.99,DDR3
2016-04-30,DRAM,McCallum DRAM (historical),usd_per_gb,3.0,USD/GB,mccallum,1,2x 8GB DIMM DDR4-2133 @ $48.99 + free shipping,"Historical, John C. McCallum (jcmit.net) via Internet Archive",16.0,48.99,DDR4
2016-06-02,DRAM,McCallum DRAM (historical),usd_per_gb,2.7,USD/GB,mccallum,1,2x 8GB DIMM DDR3-1866 @ $44.99 + free shipping,"Historical, John C. McCallum (jcmit.net) via Internet Archive",16.0,44.99,DDR3
2016-07-01,DRAM,McCallum DRAM (historical),usd_per_gb,3.1,USD/GB,mccallum,1,2x 8GB DIMM DDR3-1600 @ $49.99 + free shipping,"Historical, John C. McCallum (jcmit.net) via Internet Archive",16.0,49.99,DDR3
2016-07-31,DRAM,McCallum DRAM (historical),usd_per_gb,3.5,USD/GB,mccallum,1,2x 8GB DIMM DDR3-1600 @ $57.99 + free shipping,"Historical, John C. McCallum (jcmit.net) via Internet Archive",16.0,57.99,DDR3
2016-10-01,DRAM,McCallum DRAM (historical),usd_per_gb,3.5,USD/GB,mccallum,1,2x 16GB DIMM DDR4-2133 @ $114.99 + free shipping,"Historical, John C. McCallum (jcmit.net) via Internet Archive",32.0,114.99,DDR4
2016-10-30,DRAM,McCallum DRAM (historical),usd_per_gb,4.1,USD/GB,mccallum,1,2x 8GB DIMM DDR4-2133 @ $67.99 + free shipping,"Historical, John C. McCallum (jcmit.net) via Internet Archive",16.0,67.99,DDR4
2016-12-02,DRAM,McCallum DRAM (historical),usd_per_gb,4.6,USD/GB,mccallum,1,2x 8GB DIMM DDR4-3000 @ $74.99 + free shipping,"Historical, John C. McCallum (jcmit.net) via Internet Archive",16.0,74.99,DDR4
2017-01-01,DRAM,McCallum DRAM (historical),usd_per_gb,4.9,USD/GB,mccallum,1,2x 8GB DIMM DDR4-3000 @ $79.99 + free shipping,"Historical, John C. McCallum (jcmit.net) via Internet Archive",16.0,79.99,DDR4
2017-03-04,DRAM,McCallum DRAM (historical),usd_per_gb,5.5,USD/GB,mccallum,1,2x 8GB DIMM DDR3-2133 @ $89.99 + free shipping,"Historical, John C. McCallum (jcmit.net) via Internet Archive",16.0,89.99,DDR3
2017-05-01,DRAM,McCallum DRAM (historical),usd_per_gb,5.7,USD/GB,mccallum,1,2x 16GB DIMM DDR4-2133 @ $185.99 + free shipping,"Historical, John C. McCallum (jcmit.net) via Internet Archive",32.0,185.99,DDR4
2017-06-03,DRAM,McCallum DRAM (historical),usd_per_gb,5.5,USD/GB,mccallum,1,2x 8GB DIMM DDR3-1600 @ $89.99 + free shipping,"Historical, John C. McCallum (jcmit.net) via Internet Archive",16.0,89.99,DDR3
2017-07-02,DRAM,McCallum DRAM (historical),usd_per_gb,5.9,USD/GB,mccallum,1,2x 8GB DIMM DDR3-1600 @ $95.99 + free shipping,"Historical, John C. McCallum (jcmit.net) via Internet Archive",16.0,95.99,DDR3
2017-09-03,DRAM,McCallum DRAM (historical),usd_per_gb,6.1,USD/GB,mccallum,1,2x 4GB DIMM DDR3-1600 @ $49.99 + free shipping,"Historical, John C. McCallum (jcmit.net) via Internet Archive",8.0,49.99,DDR3
2017-10-02,DRAM,McCallum DRAM (historical),usd_per_gb,6.7,USD/GB,mccallum,1,2x 8GB DIMM DDR3-1600 @ $109.99 + free shipping,"Historical, John C. McCallum (jcmit.net) via Internet Archive",16.0,109.99,DDR3
2017-12-03,DRAM,McCallum DRAM (historical),usd_per_gb,7.1,USD/GB,mccallum,1,2x 8GB DIMM DDR3-1600 @ $115.99 + free shipping,"Historical, John C. McCallum (jcmit.net) via Internet Archive",16.0,115.99,DDR3
2018-01-30,DRAM,McCallum DRAM (historical),usd_per_gb,6.7,USD/GB,mccallum,1,2x 8GB DIMM DDR3-1600 @ $108.99 + free shipping,"Historical, John C. McCallum (jcmit.net) via Internet Archive",16.0,108.99,DDR3
2018-03-04,DRAM,McCallum DRAM (historical),usd_per_gb,7.0,USD/GB,mccallum,1,2x 8GB DIMM DDR3-1600 @ $113.99 + free shipping,"Historical, John C. McCallum (jcmit.net) via Internet Archive",16.0,113.99,DDR3
2018-05-01,DRAM,McCallum DRAM (historical),usd_per_gb,6.8,USD/GB,mccallum,1,2x 8GB DIMM DDR3-1600 @ $110.99 + $0.99 shipping,"Historical, John C. McCallum (jcmit.net) via Internet Archive",16.0,111.98,DDR3
2018-06-03,DRAM,McCallum DRAM (historical),usd_per_gb,6.4,USD/GB,mccallum,1,2x 8GB DIMM DDR3-1600 @ $104.99 + free shipping,"Historical, John C. McCallum (jcmit.net) via Internet Archive",16.0,104.99,DDR3
2018-07-02,DRAM,McCallum DRAM (historical),usd_per_gb,6.8,USD/GB,mccallum,1,2x 8GB DIMM DDR3-1600 @ $109.99 + $0.99 shipping,"Historical, John C. McCallum (jcmit.net) via Internet Archive",16.0,110.99,DDR3
2018-08-01,DRAM,McCallum DRAM (historical),usd_per_gb,6.2,USD/GB,mccallum,1,2x 8GB DIMM DDR3-1600 @ $99.99 + $0.99 shipping,"Historical, John C. McCallum (jcmit.net) via Internet Archive",16.0,100.98,DDR3
2018-09-03,DRAM,McCallum DRAM (historical),usd_per_gb,5.5,USD/GB,mccallum,1,2x 8GB DIMM DDR3-1600 @ $89.99 + free shipping,"Historical, John C. McCallum (jcmit.net) via Internet Archive",16.0,89.99,DDR3
2018-10-31,DRAM,McCallum DRAM (historical),usd_per_gb,5.1,USD/GB,mccallum,1,2x 8GB DIMM DDR3L-1600 @ $82.99 + free shipping,"Historical, John C. McCallum (jcmit.net) via Internet Archive",16.0,82.99,DDR3
2018-12-03,DRAM,McCallum DRAM (historical),usd_per_gb,4.6,USD/GB,mccallum,1,1x 8GB DIMM DDR3-1333 @ $37.99 + free shipping,"Historical, John C. McCallum (jcmit.net) via Internet Archive",8.0,37.99,DDR3
2019-01-01,DRAM,McCallum DRAM (historical),usd_per_gb,4.3,USD/GB,mccallum,1,2x 8GB DIMM DDR3L-1600 @ $69.99 + free shipping,"Historical, John C. McCallum (jcmit.net) via Internet Archive",16.0,69.99,DDR3
2019-01-30,DRAM,McCallum DRAM (historical),usd_per_gb,4.3,USD/GB,mccallum,1,2x 8GB DIMM DDR3L-1600 @ $69.99 + free shipping,"Historical, John C. McCallum (jcmit.net) via Internet Archive",16.0,69.99,DDR3
2019-03-04,DRAM,McCallum DRAM (historical),usd_per_gb,4.2,USD/GB,mccallum,1,2x 8GB DIMM DDR3L-1600 @ $68.99 + free shipping,"Historical, John C. McCallum (jcmit.net) via Internet Archive",16.0,68.99,DDR3
2019-04-02,DRAM,McCallum DRAM (historical),usd_per_gb,3.7,USD/GB,mccallum,1,2x 8GB DIMM DDR3-1600 @ $59.99 + $0.99 shipping,"Historical, John C. McCallum (jcmit.net) via Internet Archive",16.0,60.98,DDR3
2019-05-01,DRAM,McCallum DRAM (historical),usd_per_gb,3.4,USD/GB,mccallum,1,1x 8GB DIMM DDR3-1600 @ $27.99 + free shipping,"Historical, John C. McCallum (jcmit.net) via Internet Archive",8.0,27.99,DDR3
2019-06-03,DRAM,McCallum DRAM (historical),usd_per_gb,3.2,USD/GB,mccallum,1,1x 8GB DIMM DDR4-2400 @ $25.99 + free shipping,"Historical, John C. McCallum (jcmit.net) via Internet Archive",8.0,25.99,DDR4
2019-07-02,DRAM,McCallum DRAM (historical),usd_per_gb,2.7,USD/GB,mccallum,1,2x 8GB DIMM DDR4-2400 @ $44.99 + free shipping,"Historical, John C. McCallum (jcmit.net) via Internet Archive",16.0,44.99,DDR4
2019-08-01,DRAM,McCallum DRAM (historical),usd_per_gb,2.7,USD/GB,mccallum,1,2x 8GB DIMM DDR4-2400 @ $44.99 + free shipping,"Historical, John C. McCallum (jcmit.net) via Internet Archive",16.0,44.99,DDR4
2019-09-03,DRAM,McCallum DRAM (historical),usd_per_gb,3.3,USD/GB,mccallum,1,2x 8GB DIMM DDR4-2666 @ $53.99 + free shipping,"Historical, John C. McCallum (jcmit.net) via Internet Archive",16.0,53.99,DDR4
2019-10-02,DRAM,McCallum DRAM (historical),usd_per_gb,3.1,USD/GB,mccallum,1,2x 16GB DIMM DDR4-2666 @ $99.99 + free shipping,"Historical, John C. McCallum (jcmit.net) via Internet Archive",32.0,99.99,DDR4
2019-10-31,DRAM,McCallum DRAM (historical),usd_per_gb,2.9,USD/GB,mccallum,1,2x 16GB DIMM DDR4-3000 @ $94.99 + free shipping,"Historical, John C. McCallum (jcmit.net) via Internet Archive",32.0,94.99,DDR4
2019-12-03,DRAM,McCallum DRAM (historical),usd_per_gb,2.8,USD/GB,mccallum,1,2x 16GB DIMM DDR4-3000 @ $92.99 + free shipping,"Historical, John C. McCallum (jcmit.net) via Internet Archive",32.0,92.99,DDR4
2020-01-01,DRAM,McCallum DRAM (historical),usd_per_gb,2.9,USD/GB,mccallum,1,2x 8GB DIMM DDR4-2400 @ $47.99 + free shipping,"Historical, John C. McCallum (jcmit.net) via Internet Archive",16.0,47.99,DDR4
2020-01-30,DRAM,McCallum DRAM (historical),usd_per_gb,3.1,USD/GB,mccallum,1,2x 16GB DIMM DDR4-2400 @ $99.99 + free shipping,"Historical, John C. McCallum (jcmit.net) via Internet Archive",32.0,99.99,DDR4
2020-03-03,DRAM,McCallum DRAM (historical),usd_per_gb,3.5,USD/GB,mccallum,1,2x 16GB DIMM DDR4-2400 @ $114.99 + free shipping,"Historical, John C. McCallum (jcmit.net) via Internet Archive",32.0,114.99,DDR4
2020-04-01,DRAM,McCallum DRAM (historical),usd_per_gb,3.5,USD/GB,mccallum,1,1x 16GB DIMM DDR4-3000 @ $57.99 + free shipping,"Historical, John C. McCallum (jcmit.net) via Internet Archive",16.0,57.99,DDR4
2020-04-30,DRAM,McCallum DRAM (historical),usd_per_gb,3.5,USD/GB,mccallum,1,2x 16GB DIMM DDR4-2666 @ $114.99 + free shipping,"Historical, John C. McCallum (jcmit.net) via Internet Archive",32.0,114.99,DDR4
2020-06-02,DRAM,McCallum DRAM (historical),usd_per_gb,3.2,USD/GB,mccallum,1,2x 16GB DIMM DDR4-2400 @ $104.99 + free shipping,"Historical, John C. McCallum (jcmit.net) via Internet Archive",32.0,104.99,DDR4
2020-07-01,DRAM,McCallum DRAM (historical),usd_per_gb,2.9,USD/GB,mccallum,1,2x 16GB DIMM DDR4-2666 @ $94.99 + free shipping,"Historical, John C. McCallum (jcmit.net) via Internet Archive",32.0,94.99,DDR4
2020-07-31,DRAM,McCallum DRAM (historical),usd_per_gb,2.7,USD/GB,mccallum,1,1x 32GB DIMM DDR4-3200 @ $89.99 + free shipping,"Historical, John C. McCallum (jcmit.net) via Internet Archive",32.0,89.99,DDR4
2020-09-02,DRAM,McCallum DRAM (historical),usd_per_gb,2.8,USD/GB,mccallum,1,2x 16GB DIMM DDR4-2666 @ $91.99 + free shipping,"Historical, John C. McCallum (jcmit.net) via Internet Archive",32.0,91.99,DDR4
2020-10-01,DRAM,McCallum DRAM (historical),usd_per_gb,2.7,USD/GB,mccallum,1,2x 16GB DIMM DDR4-3000 @ $89.99 + free shipping,"Historical, John C. McCallum (jcmit.net) via Internet Archive",32.0,89.99,DDR4
2020-10-30,DRAM,McCallum DRAM (historical),usd_per_gb,2.9,USD/GB,mccallum,1,2x 16GB DIMM DDR4-3200 @ $94.99 + free shipping,"Historical, John C. McCallum (jcmit.net) via Internet Archive",32.0,94.99,DDR4
2020-12-02,DRAM,McCallum DRAM (historical),usd_per_gb,3.0,USD/GB,mccallum,1,2x 16GB DIMM DDR4-3000 @ $97.99 + free shipping,"Historical, John C. McCallum (jcmit.net) via Internet Archive",32.0,97.99,DDR4
2021-01-30,DRAM,McCallum DRAM (historical),usd_per_gb,3.4,USD/GB,mccallum,1,2x 16GB DIMM DDR4-3000 @ $109.99 + free shipping,"Historical, John C. McCallum (jcmit.net) via Internet Archive",32.0,109.99,DDR4
2021-04-02,DRAM,McCallum DRAM (historical),usd_per_gb,4.0,USD/GB,mccallum,1,2x 32GB DIMM DDR4-2666 @ $259.99 + free shipping,"Historical, John C. McCallum (jcmit.net) via Internet Archive",64.0,259.99,DDR4
2021-05-01,DRAM,McCallum DRAM (historical),usd_per_gb,3.5,USD/GB,mccallum,1,2x 32GB DIMM DDR4-2666 @ $229.99 + free shipping,"Historical, John C. McCallum (jcmit.net) via Internet Archive",64.0,229.99,DDR4
2021-07-02,DRAM,McCallum DRAM (historical),usd_per_gb,3.9,USD/GB,mccallum,1,1x 8GB DIMM DDR3-1600 @ $31.99 + free shipping,"Historical, John C. McCallum (jcmit.net) via Internet Archive",8.0,31.99,DDR3
2021-08-01,DRAM,McCallum DRAM (historical),usd_per_gb,3.7,USD/GB,mccallum,1,2x 16GB DIMM DDR4-2133 @ $119.99 + free shipping,"Historical, John C. McCallum (jcmit.net) via Internet Archive",32.0,119.99,DDR4
2021-09-03,DRAM,McCallum DRAM (historical),usd_per_gb,3.2,USD/GB,mccallum,1,1x 16GB DIMM DDR4-2666 @ $51.99 + free shipping,"Historical, John C. McCallum (jcmit.net) via Internet Archive",16.0,51.99,DDR4
2021-10-02,DRAM,McCallum DRAM (historical),usd_per_gb,3.0,USD/GB,mccallum,1,1x 16GB DIMM DDR4-2400 @ $48.99 + free shipping,"Historical, John C. McCallum (jcmit.net) via Internet Archive",16.0,48.99,DDR4
2021-12-03,DRAM,McCallum DRAM (historical),usd_per_gb,2.6,USD/GB,mccallum,1,2x 16GB DIMM DDR4-2666 @ $84.99 + free shipping,"Historical, John C. McCallum (jcmit.net) via Internet Archive",32.0,84.99,DDR4
2022-01-01,DRAM,McCallum DRAM (historical),usd_per_gb,2.8,USD/GB,mccallum,1,2x 16GB DIMM DDR4-2666 @ $92.99 + free shipping,"Historical, John C. McCallum (jcmit.net) via Internet Archive",32.0,92.99,DDR4
2022-01-30,DRAM,McCallum DRAM (historical),usd_per_gb,2.9,USD/GB,mccallum,1,2x 16GB DIMM DDR4-2666 @ $93.99 + free shipping,"Historical, John C. McCallum (jcmit.net) via Internet Archive",32.0,93.99,DDR4
2022-03-04,DRAM,McCallum DRAM (historical),usd_per_gb,3.1,USD/GB,mccallum,1,2x 16GB DIMM DDR4-3200 @ $99.99 + free shipping,"Historical, John C. McCallum (jcmit.net) via Internet Archive",32.0,99.99,DDR4
2022-04-02,DRAM,McCallum DRAM (historical),usd_per_gb,3.1,USD/GB,mccallum,1,1x 16GB DIMM DDR4-2400 @ $49.99 + $0.99 shipping,"Historical, John C. McCallum (jcmit.net) via Internet Archive",16.0,50.98,DDR4
2022-05-01,DRAM,McCallum DRAM (historical),usd_per_gb,2.7,USD/GB,mccallum,1,1x 32GB SO-DIMM DDR4-3200 @ $87.99 + free shipping,"Historical, John C. McCallum (jcmit.net) via Internet Archive",32.0,87.99,DDR4
2022-06-03,DRAM,McCallum DRAM (historical),usd_per_gb,2.6,USD/GB,mccallum,1,2x 16GB SO-DIMM DDR4-3200 @ $84.97 + free shipping,"Historical, John C. McCallum (jcmit.net) via Internet Archive",32.0,84.97,DDR4
2022-08-01,DRAM,McCallum DRAM (historical),usd_per_gb,2.3,USD/GB,mccallum,1,1x 32GB SO-DIMM DDR4-3200 @ $74.99 + free shipping,"Historical, John C. McCallum (jcmit.net) via Internet Archive",32.0,74.99,DDR4
2022-09-03,DRAM,McCallum DRAM (historical),usd_per_gb,2.2,USD/GB,mccallum,1,1x 32GB SO-DIMM DDR4-2666 @ $72.99 + free shipping,"Historical, John C. McCallum (jcmit.net) via Internet Archive",32.0,72.99,DDR4
2022-10-02,DRAM,McCallum DRAM (historical),usd_per_gb,2.2,USD/GB,mccallum,1,2x 16GB SO-DIMM DDR4-2666 @ $72.99 + free shipping,"Historical, John C. McCallum (jcmit.net) via Internet Archive",32.0,72.99,DDR4
2022-10-31,DRAM,McCallum DRAM (historical),usd_per_gb,2.1,USD/GB,mccallum,1,1x 32GB SO-DIMM DDR4-2666 @ $69.99 + free shipping,"Historical, John C. McCallum (jcmit.net) via Internet Archive",32.0,69.99,DDR4
2022-12-03,DRAM,McCallum DRAM (historical),usd_per_gb,2.1,USD/GB,mccallum,1,2x 16GB DIMM DDR4-2400 @ $68.99 + free shipping,"Historical, John C. McCallum (jcmit.net) via Internet Archive",32.0,68.99,DDR4
2023-01-01,DRAM,McCallum DRAM (historical),usd_per_gb,2.0,USD/GB,mccallum,1,1x 32GB SO-DIMM DDR4-2666 @ $61.99 + $1.99 shipping,"Historical, John C. McCallum (jcmit.net) via Internet Archive",32.0,63.98,DDR4
2023-01-30,DRAM,McCallum DRAM (historical),usd_per_gb,1.8,USD/GB,mccallum,1,2x 32GB SO-DIMM DDR4-3200 @ $114.99 + free shipping,"Historical, John C. McCallum (jcmit.net) via Internet Archive",64.0,114.99,DDR4
2023-03-04,DRAM,McCallum DRAM (historical),usd_per_gb,1.8,USD/GB,mccallum,1,2x 32GB SO-DIMM DDR4-3200 @ $114.99 + free shipping,"Historical, John C. McCallum (jcmit.net) via Internet Archive",64.0,114.99,DDR4
2023-05-01,DRAM,McCallum DRAM (historical),usd_per_gb,1.5,USD/GB,mccallum,1,2x 32GB SO-DIMM DDR4-3200 @ $97.99 + free shipping,"Historical, John C. McCallum (jcmit.net) via Internet Archive",64.0,97.99,DDR4
2023-06-03,DRAM,McCallum DRAM (historical),usd_per_gb,1.43,USD/GB,mccallum,1,2x 32GB DIMM DDR4-2666 @ $93.99 + free shipping,"Historical, John C. McCallum (jcmit.net) via Internet Archive",64.0,93.99,DDR4
2023-07-02,DRAM,McCallum DRAM (historical),usd_per_gb,1.4,USD/GB,mccallum,1,2x 16GB SO-DIMM DDR4-3200 @ $45.99 + free shipping,"Historical, John C. McCallum (jcmit.net) via Internet Archive",32.0,45.99,DDR4
2023-09-03,DRAM,McCallum DRAM (historical),usd_per_gb,1.42,USD/GB,mccallum,1,2x 32GB DIMM DDR4-3200 @ $92.99 + free shipping,"Historical, John C. McCallum (jcmit.net) via Internet Archive",64.0,92.99,DDR4
2023-10-02,DRAM,McCallum DRAM (historical),usd_per_gb,1.37,USD/GB,mccallum,1,2x 32GB SO-DIMM DDR4-3200 @ $89.99 + free shipping,"Historical, John C. McCallum (jcmit.net) via Internet Archive",64.0,89.99,DDR4
2023-10-31,DRAM,McCallum DRAM (historical),usd_per_gb,1.28,USD/GB,mccallum,1,2x 16GB SO-DIMM DDR4-2666 @ $41.99 + free shipping,"Historical, John C. McCallum (jcmit.net) via Internet Archive",32.0,41.99,DDR4
2024-01-01,DRAM,McCallum DRAM (historical),usd_per_gb,1.57,USD/GB,mccallum,1,2x 32GB SO-DIMM DDR4-3200 @ $102.99 + free shipping,"Historical, John C. McCallum (jcmit.net) via Internet Archive",64.0,102.99,DDR4
2024-01-30,DRAM,McCallum DRAM (historical),usd_per_gb,1.68,USD/GB,mccallum,1,2x 32GB SO-DIMM DDR4-3200 @ $109.99 + free shipping,"Historical, John C. McCallum (jcmit.net) via Internet Archive",64.0,109.99,DDR4
2024-03-03,DRAM,McCallum DRAM (historical),usd_per_gb,1.53,USD/GB,mccallum,1,2x 32GB DIMM DDR4-2666 @ $99.99 + free shipping,"Historical, John C. McCallum (jcmit.net) via Internet Archive",64.0,99.99,DDR4
2024-04-30,DRAM,McCallum DRAM (historical),usd_per_gb,1.62,USD/GB,mccallum,1,2x 16GB DIMM DDR4-3200 @ $52.99 + free shipping,"Historical, John C. McCallum (jcmit.net) via Internet Archive",32.0,52.99,DDR4
2024-07-01,DRAM,McCallum DRAM (historical),usd_per_gb,1.53,USD/GB,mccallum,1,2x 32GB DIMM DDR4-3600 @ $99.99 + free shipping,"Historical, John C. McCallum (jcmit.net) via Internet Archive",64.0,99.99,DDR4
2024-01-01,HBM,Auxiliary cost share,percent_share,15.08,% of component cost,epoch.ai,,Auxiliary share of AI-accelerator BoM,Epoch AI quarterly estimate (production-volume-weighted across Nvidia/AMD/Google/Amazon),,,
2024-04-01,HBM,Auxiliary cost share,percent_share,14.2,% of component cost,epoch.ai,,Auxiliary share of AI-accelerator BoM,Epoch AI quarterly estimate (production-volume-weighted across Nvidia/AMD/Google/Amazon),,,
2024-07-01,HBM,Auxiliary cost share,percent_share,12.37,% of component cost,epoch.ai,,Auxiliary share of AI-accelerator BoM,Epoch AI quarterly estimate (production-volume-weighted across Nvidia/AMD/Google/Amazon),,,
2024-10-01,HBM,Auxiliary cost share,percent_share,11.2,% of component cost,epoch.ai,,Auxiliary share of AI-accelerator BoM,Epoch AI quarterly estimate (production-volume-weighted across Nvidia/AMD/Google/Amazon),,,
2025-01-01,HBM,Auxiliary cost share,percent_share,12.35,% of component cost,epoch.ai,,Auxiliary share of AI-accelerator BoM,Epoch AI quarterly estimate (production-volume-weighted across Nvidia/AMD/Google/Amazon),,,
2025-04-01,HBM,Auxiliary cost share,percent_share,10.71,% of component cost,epoch.ai,,Auxiliary share of AI-accelerator BoM,Epoch AI quarterly estimate (production-volume-weighted across Nvidia/AMD/Google/Amazon),,,
2025-07-01,HBM,Auxiliary cost share,percent_share,9.71,% of component cost,epoch.ai,,Auxiliary share of AI-accelerator BoM,Epoch AI quarterly estimate (production-volume-weighted across Nvidia/AMD/Google/Amazon),,,
2025-10-01,HBM,Auxiliary cost share,percent_share,8.83,% of component cost,epoch.ai,,Auxiliary share of AI-accelerator BoM,Epoch AI quarterly estimate (production-volume-weighted across Nvidia/AMD/Google/Amazon),,,
2024-01-01,HBM,Auxiliary spend,usd_billion,0.4875,USD billion,epoch.ai,,Auxiliary quarterly spend (4 designers),Epoch AI quarterly estimate (production-volume-weighted across Nvidia/AMD/Google/Amazon),,,
2024-04-01,HBM,Auxiliary spend,usd_billion,0.6061,USD billion,epoch.ai,,Auxiliary quarterly spend (4 designers),Epoch AI quarterly estimate (production-volume-weighted across Nvidia/AMD/Google/Amazon),,,
2024-07-01,HBM,Auxiliary spend,usd_billion,0.7389,USD billion,epoch.ai,,Auxiliary quarterly spend (4 designers),Epoch AI quarterly estimate (production-volume-weighted across Nvidia/AMD/Google/Amazon),,,
2024-10-01,HBM,Auxiliary spend,usd_billion,0.9523,USD billion,epoch.ai,,Auxiliary quarterly spend (4 designers),Epoch AI quarterly estimate (production-volume-weighted across Nvidia/AMD/Google/Amazon),,,
2025-01-01,HBM,Auxiliary spend,usd_billion,1.2167,USD billion,epoch.ai,,Auxiliary quarterly spend (4 designers),Epoch AI quarterly estimate (production-volume-weighted across Nvidia/AMD/Google/Amazon),,,
2025-04-01,HBM,Auxiliary spend,usd_billion,1.1499,USD billion,epoch.ai,,Auxiliary quarterly spend (4 designers),Epoch AI quarterly estimate (production-volume-weighted across Nvidia/AMD/Google/Amazon),,,
2025-07-01,HBM,Auxiliary spend,usd_billion,1.3816,USD billion,epoch.ai,,Auxiliary quarterly spend (4 designers),Epoch AI quarterly estimate (production-volume-weighted across Nvidia/AMD/Google/Amazon),,,
2025-10-01,HBM,Auxiliary spend,usd_billion,1.5319,USD billion,epoch.ai,,Auxiliary quarterly spend (4 designers),Epoch AI quarterly estimate (production-volume-weighted across Nvidia/AMD/Google/Amazon),,,
2021-06-01,HBM,HBM $/GB,usd_per_gb,6.0,USD/GB,manual,1,HBM2e ~$6/GB,Approximate (HBM2e era; pre-AI-boom),,,HBM2e
2022-12-01,HBM,HBM $/GB,usd_per_gb,9.0,USD/GB,semianalysis,1,HBM3 ~$9/GB (~$200 per 24GB stack),SemiAnalysis / industry reports 2022-23,,,HBM3
2024-06-01,HBM,HBM $/GB,usd_per_gb,15.0,USD/GB,manual,1,HBM3e ramp ~$15/GB,Approximate (HBM3e early ramp in 2024),,,HBM3e
2025-03-01,HBM,HBM $/GB,usd_per_gb,18.0,USD/GB,trendforce,1,HBM3e peak ~$18/GB (range $17-20),TrendForce / Silicon Analysts H1 2025 peak,,,HBM3e
2025-09-01,HBM,HBM $/GB,usd_per_gb,15.0,USD/GB,trendforce,1,HBM3e ~$15/GB (range $13-17),TrendForce H2 2025 (Samsung discounting),,,HBM3e
2026-03-01,HBM,HBM $/GB,usd_per_gb,16.0,USD/GB,trendforce,1,HBM3e ~$16/GB (+~20% 2026 hike),TrendForce Dec 2025 (2026 price hike),,,HBM3e
2021-06-01,HBM,HBM $/TBps,usd_per_tbps,209.0,USD per TB/s,manual,1,HBM2e: $6/GB x 16GB / 0.46 TB/s,Derived; bandwidth Rambus/Wikipedia + approx $/GB,,,HBM2e
2022-12-01,HBM,HBM $/TBps,usd_per_tbps,264.0,USD per TB/s,semianalysis,1,HBM3: $9/GB x 24GB / 0.819 TB/s,Derived; SemiAnalysis $/GB + Rambus BW,,,HBM3
2025-03-01,HBM,HBM $/TBps,usd_per_tbps,352.0,USD per TB/s,trendforce,1,HBM3e peak: $18/GB x 24GB / 1.229 TB/s,Derived; TrendForce $/GB + Rambus BW,,,HBM3e
2026-03-01,HBM,HBM $/TBps,usd_per_tbps,312.0,USD per TB/s,trendforce,1,HBM3e: $16/GB x 24GB / 1.229 TB/s,Derived; TrendForce $/GB + Rambus BW,,,HBM3e
2024-01-01,HBM,HBM cost share,percent_share,51.87,% of component cost,epoch.ai,,HBM share of AI-accelerator BoM,Epoch AI quarterly estimate (production-volume-weighted across Nvidia/AMD/Google/Amazon),,,
2024-04-01,HBM,HBM cost share,percent_share,54.04,% of component cost,epoch.ai,,HBM share of AI-accelerator BoM,Epoch AI quarterly estimate (production-volume-weighted across Nvidia/AMD/Google/Amazon),,,
2024-07-01,HBM,HBM cost share,percent_share,55.9,% of component cost,epoch.ai,,HBM share of AI-accelerator BoM,Epoch AI quarterly estimate (production-volume-weighted across Nvidia/AMD/Google/Amazon),,,
2024-10-01,HBM,HBM cost share,percent_share,56.52,% of component cost,epoch.ai,,HBM share of AI-accelerator BoM,Epoch AI quarterly estimate (production-volume-weighted across Nvidia/AMD/Google/Amazon),,,
2025-01-01,HBM,HBM cost share,percent_share,56.16,% of component cost,epoch.ai,,HBM share of AI-accelerator BoM,Epoch AI quarterly estimate (production-volume-weighted across Nvidia/AMD/Google/Amazon),,,
2025-04-01,HBM,HBM cost share,percent_share,58.52,% of component cost,epoch.ai,,HBM share of AI-accelerator BoM,Epoch AI quarterly estimate (production-volume-weighted across Nvidia/AMD/Google/Amazon),,,
2025-07-01,HBM,HBM cost share,percent_share,61.29,% of component cost,epoch.ai,,HBM share of AI-accelerator BoM,Epoch AI quarterly estimate (production-volume-weighted across Nvidia/AMD/Google/Amazon),,,
2025-10-01,HBM,HBM cost share,percent_share,63.42,% of component cost,epoch.ai,,HBM share of AI-accelerator BoM,Epoch AI quarterly estimate (production-volume-weighted across Nvidia/AMD/Google/Amazon),,,
2024-01-01,HBM,HBM spend,usd_billion,1.6773,USD billion,epoch.ai,,HBM quarterly spend (4 designers),Epoch AI quarterly estimate (production-volume-weighted across Nvidia/AMD/Google/Amazon),,,
2024-04-01,HBM,HBM spend,usd_billion,2.3065,USD billion,epoch.ai,,HBM quarterly spend (4 designers),Epoch AI quarterly estimate (production-volume-weighted across Nvidia/AMD/Google/Amazon),,,
2024-07-01,HBM,HBM spend,usd_billion,3.3393,USD billion,epoch.ai,,HBM quarterly spend (4 designers),Epoch AI quarterly estimate (production-volume-weighted across Nvidia/AMD/Google/Amazon),,,
2024-10-01,HBM,HBM spend,usd_billion,4.8054,USD billion,epoch.ai,,HBM quarterly spend (4 designers),Epoch AI quarterly estimate (production-volume-weighted across Nvidia/AMD/Google/Amazon),,,
2025-01-01,HBM,HBM spend,usd_billion,5.5342,USD billion,epoch.ai,,HBM quarterly spend (4 designers),Epoch AI quarterly estimate (production-volume-weighted across Nvidia/AMD/Google/Amazon),,,
2025-04-01,HBM,HBM spend,usd_billion,6.2846,USD billion,epoch.ai,,HBM quarterly spend (4 designers),Epoch AI quarterly estimate (production-volume-weighted across Nvidia/AMD/Google/Amazon),,,
2025-07-01,HBM,HBM spend,usd_billion,8.7238,USD billion,epoch.ai,,HBM quarterly spend (4 designers),Epoch AI quarterly estimate (production-volume-weighted across Nvidia/AMD/Google/Amazon),,,
2025-10-01,HBM,HBM spend,usd_billion,11.0007,USD billion,epoch.ai,,HBM quarterly spend (4 designers),Epoch AI quarterly estimate (production-volume-weighted across Nvidia/AMD/Google/Amazon),,,
2024-01-01,HBM,Logic cost share,percent_share,14.16,% of component cost,epoch.ai,,Logic share of AI-accelerator BoM,Epoch AI quarterly estimate (production-volume-weighted across Nvidia/AMD/Google/Amazon),,,
2024-04-01,HBM,Logic cost share,percent_share,13.61,% of component cost,epoch.ai,,Logic share of AI-accelerator BoM,Epoch AI quarterly estimate (production-volume-weighted across Nvidia/AMD/Google/Amazon),,,
2024-07-01,HBM,Logic cost share,percent_share,13.77,% of component cost,epoch.ai,,Logic share of AI-accelerator BoM,Epoch AI quarterly estimate (production-volume-weighted across Nvidia/AMD/Google/Amazon),,,
2024-10-01,HBM,Logic cost share,percent_share,14.45,% of component cost,epoch.ai,,Logic share of AI-accelerator BoM,Epoch AI quarterly estimate (production-volume-weighted across Nvidia/AMD/Google/Amazon),,,
2025-01-01,HBM,Logic cost share,percent_share,14.29,% of component cost,epoch.ai,,Logic share of AI-accelerator BoM,Epoch AI quarterly estimate (production-volume-weighted across Nvidia/AMD/Google/Amazon),,,
2025-04-01,HBM,Logic cost share,percent_share,14.03,% of component cost,epoch.ai,,Logic share of AI-accelerator BoM,Epoch AI quarterly estimate (production-volume-weighted across Nvidia/AMD/Google/Amazon),,,
2025-07-01,HBM,Logic cost share,percent_share,13.26,% of component cost,epoch.ai,,Logic share of AI-accelerator BoM,Epoch AI quarterly estimate (production-volume-weighted across Nvidia/AMD/Google/Amazon),,,
2025-10-01,HBM,Logic cost share,percent_share,12.93,% of component cost,epoch.ai,,Logic share of AI-accelerator BoM,Epoch AI quarterly estimate (production-volume-weighted across Nvidia/AMD/Google/Amazon),,,
2024-01-01,HBM,Logic spend,usd_billion,0.4579,USD billion,epoch.ai,,Logic quarterly spend (4 designers),Epoch AI quarterly estimate (production-volume-weighted across Nvidia/AMD/Google/Amazon),,,
2024-04-01,HBM,Logic spend,usd_billion,0.5808,USD billion,epoch.ai,,Logic quarterly spend (4 designers),Epoch AI quarterly estimate (production-volume-weighted across Nvidia/AMD/Google/Amazon),,,
2024-07-01,HBM,Logic spend,usd_billion,0.8227,USD billion,epoch.ai,,Logic quarterly spend (4 designers),Epoch AI quarterly estimate (production-volume-weighted across Nvidia/AMD/Google/Amazon),,,
2024-10-01,HBM,Logic spend,usd_billion,1.2289,USD billion,epoch.ai,,Logic quarterly spend (4 designers),Epoch AI quarterly estimate (production-volume-weighted across Nvidia/AMD/Google/Amazon),,,
2025-01-01,HBM,Logic spend,usd_billion,1.4082,USD billion,epoch.ai,,Logic quarterly spend (4 designers),Epoch AI quarterly estimate (production-volume-weighted across Nvidia/AMD/Google/Amazon),,,
2025-04-01,HBM,Logic spend,usd_billion,1.5063,USD billion,epoch.ai,,Logic quarterly spend (4 designers),Epoch AI quarterly estimate (production-volume-weighted across Nvidia/AMD/Google/Amazon),,,
2025-07-01,HBM,Logic spend,usd_billion,1.8867,USD billion,epoch.ai,,Logic quarterly spend (4 designers),Epoch AI quarterly estimate (production-volume-weighted across Nvidia/AMD/Google/Amazon),,,
2025-10-01,HBM,Logic spend,usd_billion,2.2421,USD billion,epoch.ai,,Logic quarterly spend (4 designers),Epoch AI quarterly estimate (production-volume-weighted across Nvidia/AMD/Google/Amazon),,,
2024-01-01,HBM,Packaging cost share,percent_share,18.89,% of component cost,epoch.ai,,Packaging share of AI-accelerator BoM,Epoch AI quarterly estimate (production-volume-weighted across Nvidia/AMD/Google/Amazon),,,
2024-04-01,HBM,Packaging cost share,percent_share,18.15,% of component cost,epoch.ai,,Packaging share of AI-accelerator BoM,Epoch AI quarterly estimate (production-volume-weighted across Nvidia/AMD/Google/Amazon),,,
2024-07-01,HBM,Packaging cost share,percent_share,17.96,% of component cost,epoch.ai,,Packaging share of AI-accelerator BoM,Epoch AI quarterly estimate (production-volume-weighted across Nvidia/AMD/Google/Amazon),,,
2024-10-01,HBM,Packaging cost share,percent_share,17.82,% of component cost,epoch.ai,,Packaging share of AI-accelerator BoM,Epoch AI quarterly estimate (production-volume-weighted across Nvidia/AMD/Google/Amazon),,,
2025-01-01,HBM,Packaging cost share,percent_share,17.2,% of component cost,epoch.ai,,Packaging share of AI-accelerator BoM,Epoch AI quarterly estimate (production-volume-weighted across Nvidia/AMD/Google/Amazon),,,
2025-04-01,HBM,Packaging cost share,percent_share,16.74,% of component cost,epoch.ai,,Packaging share of AI-accelerator BoM,Epoch AI quarterly estimate (production-volume-weighted across Nvidia/AMD/Google/Amazon),,,
2025-07-01,HBM,Packaging cost share,percent_share,15.75,% of component cost,epoch.ai,,Packaging share of AI-accelerator BoM,Epoch AI quarterly estimate (production-volume-weighted across Nvidia/AMD/Google/Amazon),,,
2025-10-01,HBM,Packaging cost share,percent_share,14.82,% of component cost,epoch.ai,,Packaging share of AI-accelerator BoM,Epoch AI quarterly estimate (production-volume-weighted across Nvidia/AMD/Google/Amazon),,,
2024-01-01,HBM,Packaging spend,usd_billion,0.6109,USD billion,epoch.ai,,Packaging quarterly spend (4 designers),Epoch AI quarterly estimate (production-volume-weighted across Nvidia/AMD/Google/Amazon),,,
2024-04-01,HBM,Packaging spend,usd_billion,0.7745,USD billion,epoch.ai,,Packaging quarterly spend (4 designers),Epoch AI quarterly estimate (production-volume-weighted across Nvidia/AMD/Google/Amazon),,,
2024-07-01,HBM,Packaging spend,usd_billion,1.073,USD billion,epoch.ai,,Packaging quarterly spend (4 designers),Epoch AI quarterly estimate (production-volume-weighted across Nvidia/AMD/Google/Amazon),,,
2024-10-01,HBM,Packaging spend,usd_billion,1.5148,USD billion,epoch.ai,,Packaging quarterly spend (4 designers),Epoch AI quarterly estimate (production-volume-weighted across Nvidia/AMD/Google/Amazon),,,
2025-01-01,HBM,Packaging spend,usd_billion,1.6949,USD billion,epoch.ai,,Packaging quarterly spend (4 designers),Epoch AI quarterly estimate (production-volume-weighted across Nvidia/AMD/Google/Amazon),,,
2025-04-01,HBM,Packaging spend,usd_billion,1.7979,USD billion,epoch.ai,,Packaging quarterly spend (4 designers),Epoch AI quarterly estimate (production-volume-weighted across Nvidia/AMD/Google/Amazon),,,
2025-07-01,HBM,Packaging spend,usd_billion,2.2416,USD billion,epoch.ai,,Packaging quarterly spend (4 designers),Epoch AI quarterly estimate (production-volume-weighted across Nvidia/AMD/Google/Amazon),,,
2025-10-01,HBM,Packaging spend,usd_billion,2.5715,USD billion,epoch.ai,,Packaging quarterly spend (4 designers),Epoch AI quarterly estimate (production-volume-weighted across Nvidia/AMD/Google/Amazon),,,
2010-06-01,NAND,NAND SSD (anchor),usd_per_gb,2.5,USD/GB,manual,,early consumer SSD ~$2.5/GB,Approximate (general SSD price-history),,,
2012-06-01,NAND,NAND SSD (anchor),usd_per_gb,1.0,USD/GB,manual,,~$1/GB,Approximate (general SSD price-history),,,
2014-06-01,NAND,NAND SSD (anchor),usd_per_gb,0.55,USD/GB,manual,,~$0.55/GB,Approximate (general SSD price-history),,,
2016-06-01,NAND,NAND SSD (anchor),usd_per_gb,0.3,USD/GB,manual,,~$0.30/GB,Approximate (general SSD price-history),,,
2024-08-01,DRAM,DDR3 (Keepa),usd_per_gb,2.415,USD/GB,keepa,18,OFFTEK 8GB Replacement Memory RAM Upgrade for Toshiba Satellite P870 (PSPLEU-07401S) (DDR3,Cheapest listed $/GB across the consumer Keepa basket; per-drive posting glitches removed,8.0,19.32,DDR3
2024-09-01,DRAM,DDR3 (Keepa),usd_per_gb,2.89375,USD/GB,keepa,13,PASOUL Laptop Memory DDR3-1600 (PC3L-12800) RAM 8GB SODIMM 204Pin 1.35V (Low Voltage) 16-C,Cheapest listed $/GB across the consumer Keepa basket; per-drive posting glitches removed,8.0,23.15,DDR3
2024-10-01,DRAM,DDR3 (Keepa),usd_per_gb,2.81125,USD/GB,keepa,29,A-Tech 16GB Kit (2x8GB) RAM for Acer TravelMate 5760ZG | DDR3 1333MHz PC3-10600 SODIMM 204,Cheapest listed $/GB across the consumer Keepa basket; per-drive posting glitches removed,16.0,44.98,DDR3
2024-11-01,DRAM,DDR3 (Keepa),usd_per_gb,3.25375,USD/GB,keepa,11,Addon Hp H6Y77Aa#Aba Compatible 8Gb Ddr3-1600Mhz Unbuffered Dual Rank 1.35V 204-,Cheapest listed $/GB across the consumer Keepa basket; per-drive posting glitches removed,8.0,26.03,DDR3
2024-12-01,DRAM,DDR3 (Keepa),usd_per_gb,2.415,USD/GB,keepa,11,OFFTEK 8GB Replacement Memory RAM Upgrade for HP-Compaq Pavilion Notebook 15-p203ur (DDR3-,Cheapest listed $/GB across the consumer Keepa basket; per-drive posting glitches removed,8.0,19.32,DDR3
2025-01-01,DRAM,DDR3 (Keepa),usd_per_gb,2.56875,USD/GB,keepa,14,PASOUL Laptop Memory DDR3-1600 (PC3L-12800) RAM 8GB SODIMM 204Pin 1.35V (Low Voltage) 16-C,Cheapest listed $/GB across the consumer Keepa basket; per-drive posting glitches removed,8.0,20.55,DDR3
2025-02-01,DRAM,DDR3 (Keepa),usd_per_gb,3.7475,USD/GB,keepa,7,PASOUL Laptop Memory DDR3-1600 (PC3L-12800) RAM 8GB SODIMM 204Pin 1.35V (Low Voltage) 16-C,Cheapest listed $/GB across the consumer Keepa basket; per-drive posting glitches removed,8.0,29.98,DDR3
2025-03-01,DRAM,DDR3 (Keepa),usd_per_gb,2.27188,USD/GB,keepa,7,AddOn Add-onputer Peripherals L Addon Cisco Ucs-mr-2x082rx-b Compatible 2x8gb Ddr3-1333mhz,Cheapest listed $/GB across the consumer Keepa basket; per-drive posting glitches removed,16.0,36.35,DDR3
2025-04-01,DRAM,DDR3 (Keepa),usd_per_gb,3.615,USD/GB,keepa,9,OFFTEK 4GB Replacement Memory RAM Upgrade for Toshiba Satellite C850D-101 (DDR3-10600) Lap,Cheapest listed $/GB across the consumer Keepa basket; per-drive posting glitches removed,4.0,14.46,DDR3
2025-05-01,DRAM,DDR3 (Keepa),usd_per_gb,1.49875,USD/GB,keepa,12,A-Tech 16GB Kit (2x8GB) RAM for Acer TravelMate 5760ZG | DDR3 1333MHz PC3-10600 SODIMM 204,Cheapest listed $/GB across the consumer Keepa basket; per-drive posting glitches removed,16.0,23.98,DDR3
2025-06-01,DRAM,DDR3 (Keepa),usd_per_gb,2.63,USD/GB,keepa,206,"HYNIX HMT325S6EFR8A-PB 1600 MHZ, 2 GB, DDR3, RAM Stick",Cheapest listed $/GB across the consumer Keepa basket; per-drive posting glitches removed,2.0,5.26,DDR3
2025-07-01,DRAM,DDR3 (Keepa),usd_per_gb,2.665,USD/GB,keepa,266,"HYNIX HMT325S6EFR8A-PB 1600 MHZ, 2 GB, DDR3, RAM Stick",Cheapest listed $/GB across the consumer Keepa basket; per-drive posting glitches removed,2.0,5.33,DDR3
2025-08-01,DRAM,DDR3 (Keepa),usd_per_gb,2.415,USD/GB,keepa,7,"HYNIX HMT325S6EFR8A-PB 1600 MHZ, 2 GB, DDR3, RAM Stick",Cheapest listed $/GB across the consumer Keepa basket; per-drive posting glitches removed,2.0,4.83,DDR3
2025-09-01,DRAM,DDR3 (Keepa),usd_per_gb,2.4,USD/GB,keepa,291,"HYNIX HMT325S6EFR8A-PB 1600 MHZ, 2 GB, DDR3, RAM Stick",Cheapest listed $/GB across the consumer Keepa basket; per-drive posting glitches removed,2.0,4.8,DDR3
2025-10-01,DRAM,DDR3 (Keepa),usd_per_gb,3.025,USD/GB,keepa,307,"HYNIX HMT325S6EFR8A-PB 1600 MHZ, 2 GB, DDR3, RAM Stick",Cheapest listed $/GB across the consumer Keepa basket; per-drive posting glitches removed,2.0,6.05,DDR3
2025-11-01,DRAM,DDR3 (Keepa),usd_per_gb,2.88,USD/GB,keepa,311,"HYNIX HMT325S6EFR8A-PB 1600 MHZ, 2 GB, DDR3, RAM Stick",Cheapest listed $/GB across the consumer Keepa basket; per-drive posting glitches removed,2.0,5.76,DDR3
2025-12-01,DRAM,DDR3 (Keepa),usd_per_gb,5.74875,USD/GB,keepa,10,Addon Hp H6Y77Aa#Aba Compatible 8Gb Ddr3-1600Mhz Unbuffered Dual Rank 1.35V 204-,Cheapest listed $/GB across the consumer Keepa basket; per-drive posting glitches removed,8.0,45.99,DDR3
2026-01-01,DRAM,DDR3 (Keepa),usd_per_gb,2.85,USD/GB,keepa,15,"HYNIX HMT325S6EFR8A-PB 1600 MHZ, 2 GB, DDR3, RAM Stick",Cheapest listed $/GB across the consumer Keepa basket; per-drive posting glitches removed,2.0,5.7,DDR3
2026-02-01,DRAM,DDR3 (Keepa),usd_per_gb,5.375,USD/GB,keepa,5,"HYNIX HMT325S6EFR8A-PB 1600 MHZ, 2 GB, DDR3, RAM Stick",Cheapest listed $/GB across the consumer Keepa basket; per-drive posting glitches removed,2.0,10.75,DDR3
2026-03-01,DRAM,DDR3 (Keepa),usd_per_gb,4.71687,USD/GB,keepa,29,A-Tech 16GB Kit (2x8GB) RAM for Acer TravelMate 5760ZG | DDR3 1333MHz PC3-10600 SODIMM 204,Cheapest listed $/GB across the consumer Keepa basket; per-drive posting glitches removed,16.0,75.47,DDR3
2026-04-01,DRAM,DDR3 (Keepa),usd_per_gb,2.855,USD/GB,keepa,79,"HYNIX HMT325S6EFR8A-PB 1600 MHZ, 2 GB, DDR3, RAM Stick",Cheapest listed $/GB across the consumer Keepa basket; per-drive posting glitches removed,2.0,5.71,DDR3
2026-05-01,DRAM,DDR3 (Keepa),usd_per_gb,3.45094,USD/GB,keepa,57,OFFTEK 32GB Replacement Memory RAM Upgrade for Gigabyte GA-7PESLX (DDR3-10600 - Reg) Mothe,Cheapest listed $/GB across the consumer Keepa basket; per-drive posting glitches removed,32.0,110.43,DDR3
2024-08-01,DRAM,DDR4 (Keepa),usd_per_gb,0.89797,USD/GB,keepa,28,"FURY Beast 64GB, 4 X 16GGB DDR4 SDRAM Memory KIT",Cheapest listed $/GB across the consumer Keepa basket; per-drive posting glitches removed,64.0,57.47,DDR4
2024-09-01,DRAM,DDR4 (Keepa),usd_per_gb,1.625,USD/GB,keepa,16,G.Skill 32GB (2 x 16G) Ripjaws Series DDR4 PC4-17000 2133MHz Laptop Memory Model F4-2133C1,Cheapest listed $/GB across the consumer Keepa basket; per-drive posting glitches removed,32.0,52.0,DDR4
2024-10-01,DRAM,DDR4 (Keepa),usd_per_gb,1.79375,USD/GB,keepa,28,G.Skill 32GB (2 x 16G) Ripjaws Series DDR4 PC4-17000 2133MHz Laptop Memory Model F4-2133C1,Cheapest listed $/GB across the consumer Keepa basket; per-drive posting glitches removed,32.0,57.4,DDR4
2024-11-01,DRAM,DDR4 (Keepa),usd_per_gb,1.80906,USD/GB,keepa,23,G.Skill 32GB (2 x 16G) Ripjaws Series DDR4 PC4-17000 2133MHz Laptop Memory Model F4-2133C1,Cheapest listed $/GB across the consumer Keepa basket; per-drive posting glitches removed,32.0,57.89,DDR4
2024-12-01,DRAM,DDR4 (Keepa),usd_per_gb,1.83281,USD/GB,keepa,10,G.Skill 32GB (2 x 16G) Ripjaws Series DDR4 PC4-17000 2133MHz Laptop Memory Model F4-2133C1,Cheapest listed $/GB across the consumer Keepa basket; per-drive posting glitches removed,32.0,58.65,DDR4
2025-01-01,DRAM,DDR4 (Keepa),usd_per_gb,1.88594,USD/GB,keepa,19,G.Skill 32GB (2 x 16G) Ripjaws Series DDR4 PC4-17000 2133MHz Laptop Memory Model F4-2133C1,Cheapest listed $/GB across the consumer Keepa basket; per-drive posting glitches removed,32.0,60.35,DDR4
2025-02-01,DRAM,DDR4 (Keepa),usd_per_gb,1.85813,USD/GB,keepa,8,G.Skill 32GB (2 x 16G) Ripjaws Series DDR4 PC4-17000 2133MHz Laptop Memory Model F4-2133C1,Cheapest listed $/GB across the consumer Keepa basket; per-drive posting glitches removed,32.0,59.46,DDR4
2025-03-01,DRAM,DDR4 (Keepa),usd_per_gb,1.7875,USD/GB,keepa,9,G.Skill 32GB (2 x 16G) Ripjaws Series DDR4 PC4-17000 2133MHz Laptop Memory Model F4-2133C1,Cheapest listed $/GB across the consumer Keepa basket; per-drive posting glitches removed,32.0,57.2,DDR4
2025-04-01,DRAM,DDR4 (Keepa),usd_per_gb,1.75344,USD/GB,keepa,12,G.Skill 32GB (2 x 16G) Ripjaws Series DDR4 PC4-17000 2133MHz Laptop Memory Model F4-2133C1,Cheapest listed $/GB across the consumer Keepa basket; per-drive posting glitches removed,32.0,56.11,DDR4
2025-05-01,DRAM,DDR4 (Keepa),usd_per_gb,1.74875,USD/GB,keepa,12,A-Tech 8GB RAM for Intel NUC7i3DNKTC NUC 7 Business Mini PC | DDR4 2133MHz PC4-17000 1.2V ,Cheapest listed $/GB across the consumer Keepa basket; per-drive posting glitches removed,8.0,13.99,DDR4
2025-06-01,DRAM,DDR4 (Keepa),usd_per_gb,1.92375,USD/GB,keepa,104,A-Tech 8GB RAM for Intel NUC7i3DNKTC NUC 7 Business Mini PC | DDR4 2133MHz PC4-17000 1.2V ,Cheapest listed $/GB across the consumer Keepa basket; per-drive posting glitches removed,8.0,15.39,DDR4
2025-07-01,DRAM,DDR4 (Keepa),usd_per_gb,2.75,USD/GB,keepa,188,G.SKILL Trident Z RGB Series DDR4 RAM (XMP) 16GB (2x8GB) 3000MT/s CL16-18-18-38 1.35V Inte,Cheapest listed $/GB across the consumer Keepa basket; per-drive posting glitches removed,16.0,44.0,DDR4
2025-08-01,DRAM,DDR4 (Keepa),usd_per_gb,3.05875,USD/GB,keepa,26,G.Skill Ripjaws V 16GB DDR4 K2 16GVK 4000 (2x8GB) C18,Cheapest listed $/GB across the consumer Keepa basket; per-drive posting glitches removed,16.0,48.94,DDR4
2025-09-01,DRAM,DDR4 (Keepa),usd_per_gb,2.11625,USD/GB,keepa,200,A-Tech 8GB RAM for Intel NUC7i3DNKTC NUC 7 Business Mini PC | DDR4 2133MHz PC4-17000 1.2V ,Cheapest listed $/GB across the consumer Keepa basket; per-drive posting glitches removed,8.0,16.93,DDR4
2025-10-01,DRAM,DDR4 (Keepa),usd_per_gb,2.44375,USD/GB,keepa,259,A-Tech 8GB RAM for Intel NUC7i3DNKTC NUC 7 Business Mini PC | DDR4 2133MHz PC4-17000 1.2V ,Cheapest listed $/GB across the consumer Keepa basket; per-drive posting glitches removed,8.0,19.55,DDR4
2025-11-01,DRAM,DDR4 (Keepa),usd_per_gb,3.67375,USD/GB,keepa,267,A-Tech 8GB RAM for Intel NUC7i3DNKTC NUC 7 Business Mini PC | DDR4 2133MHz PC4-17000 1.2V ,Cheapest listed $/GB across the consumer Keepa basket; per-drive posting glitches removed,8.0,29.39,DDR4
2025-12-01,DRAM,DDR4 (Keepa),usd_per_gb,4.03562,USD/GB,keepa,60,G.Skill Ripjaws V 16GB DDR4 K2 16GVK 4000 (2x8GB) C18,Cheapest listed $/GB across the consumer Keepa basket; per-drive posting glitches removed,16.0,64.57,DDR4
2026-01-01,DRAM,DDR4 (Keepa),usd_per_gb,4.03562,USD/GB,keepa,70,G.Skill Ripjaws V 16GB DDR4 K2 16GVK 4000 (2x8GB) C18,Cheapest listed $/GB across the consumer Keepa basket; per-drive posting glitches removed,16.0,64.57,DDR4
2026-02-01,DRAM,DDR4 (Keepa),usd_per_gb,6.2475,USD/GB,keepa,68,parts-quick 4GB Memory for Lenovo ThinkCentre M910x Tiny DDR4 2400MHz SODIMM Compatible RA,Cheapest listed $/GB across the consumer Keepa basket; per-drive posting glitches removed,4.0,24.99,DDR4
2026-03-01,DRAM,DDR4 (Keepa),usd_per_gb,7.21781,USD/GB,keepa,58,"parts-quick 32GB Memory for HP ProBook 455 G5, 470 G5 Compatible RAM Upgrade DDR4-2666 SOD",Cheapest listed $/GB across the consumer Keepa basket; per-drive posting glitches removed,32.0,230.97,DDR4
2026-04-01,DRAM,DDR4 (Keepa),usd_per_gb,7.18375,USD/GB,keepa,33,Mushkin 8GB (4GB x 2) Essentials 260-Pin DDR4 SO-DIMM DDR4 2666MHz Laptop Memory Model MES,Cheapest listed $/GB across the consumer Keepa basket; per-drive posting glitches removed,8.0,57.47,DDR4
2026-05-01,DRAM,DDR4 (Keepa),usd_per_gb,7.2475,USD/GB,keepa,55,Mushkin 8GB (4GB x 2) Essentials 260-Pin DDR4 SO-DIMM DDR4 2666MHz Laptop Memory Model MES,Cheapest listed $/GB across the consumer Keepa basket; per-drive posting glitches removed,8.0,57.98,DDR4
2024-08-01,DRAM,DDR5 (Keepa),usd_per_gb,2.82406,USD/GB,keepa,34,64GB DDR5 4800MT/S Module KIT of 2,Cheapest listed $/GB across the consumer Keepa basket; per-drive posting glitches removed,64.0,180.74,DDR5
2024-09-01,DRAM,DDR5 (Keepa),usd_per_gb,2.80797,USD/GB,keepa,17,64GB DDR5 4800MT/S Module KIT of 2,Cheapest listed $/GB across the consumer Keepa basket; per-drive posting glitches removed,64.0,179.71,DDR5
2024-10-01,DRAM,DDR5 (Keepa),usd_per_gb,2.29146,USD/GB,keepa,28,CORSAIR Vengeance SODIMM DDR5 RAM 48GB (2x24GB) 4800MHz CL40 Intel XMP iCUE Compatible Com,Cheapest listed $/GB across the consumer Keepa basket; per-drive posting glitches removed,48.0,109.99,DDR5
2024-11-01,DRAM,DDR5 (Keepa),usd_per_gb,2.50813,USD/GB,keepa,87,64GB DDR5 5200MT/S Module KIT of 2,Cheapest listed $/GB across the consumer Keepa basket; per-drive posting glitches removed,64.0,160.52,DDR5
2024-12-01,DRAM,DDR5 (Keepa),usd_per_gb,1.83719,USD/GB,keepa,36,32GB DDR5 5600MT/S SODIMM KIT of 2,Cheapest listed $/GB across the consumer Keepa basket; per-drive posting glitches removed,32.0,58.79,DDR5
2025-01-01,DRAM,DDR5 (Keepa),usd_per_gb,2.75563,USD/GB,keepa,55,CORSAIR Vengeance SODIMM DDR5 RAM 48GB (2x24GB) 4800MHz CL40 Intel XMP iCUE Compatible Com,Cheapest listed $/GB across the consumer Keepa basket; per-drive posting glitches removed,48.0,132.27,DDR5
2025-02-01,DRAM,DDR5 (Keepa),usd_per_gb,2.45812,USD/GB,keepa,35,CORSAIR Vengeance SODIMM DDR5 RAM 48GB (2x24GB) 4800MHz CL40 Intel XMP iCUE Compatible Com,Cheapest listed $/GB across the consumer Keepa basket; per-drive posting glitches removed,48.0,117.99,DDR5
2025-03-01,DRAM,DDR5 (Keepa),usd_per_gb,2.91656,USD/GB,keepa,43,KingBank RGB Computer Desktop Memory Ram Hynix M-die DDR5 96GB(2x48GB) 6400MT/s CL32 1.4V ,Cheapest listed $/GB across the consumer Keepa basket; per-drive posting glitches removed,96.0,279.99,DDR5
2025-04-01,DRAM,DDR5 (Keepa),usd_per_gb,2.70813,USD/GB,keepa,31,CORSAIR Vengeance SODIMM DDR5 RAM 48GB (2x24GB) 4800MHz CL40 Intel XMP iCUE Compatible Com,Cheapest listed $/GB across the consumer Keepa basket; per-drive posting glitches removed,48.0,129.99,DDR5
2025-05-01,DRAM,DDR5 (Keepa),usd_per_gb,2.87375,USD/GB,keepa,29,Sam Original 8GB (1x8GB) DDR5 5600MHz PC5-44800 SODIMM 1Rx16 CL46 1.1v Laptop Notebook Mem,Cheapest listed $/GB across the consumer Keepa basket; per-drive posting glitches removed,8.0,22.99,DDR5
2025-06-01,DRAM,DDR5 (Keepa),usd_per_gb,2.53771,USD/GB,keepa,34,CORSAIR Vengeance SODIMM DDR5 RAM 48GB (2x24GB) 4800MHz CL40 Intel XMP iCUE Compatible Com,Cheapest listed $/GB across the consumer Keepa basket; per-drive posting glitches removed,48.0,121.81,DDR5
2025-07-01,DRAM,DDR5 (Keepa),usd_per_gb,2.16646,USD/GB,keepa,73,CORSAIR Vengeance SODIMM DDR5 RAM 48GB (2x24GB) 4800MHz CL40 Intel XMP iCUE Compatible Com,Cheapest listed $/GB across the consumer Keepa basket; per-drive posting glitches removed,48.0,103.99,DDR5
2025-08-01,DRAM,DDR5 (Keepa),usd_per_gb,2.32896,USD/GB,keepa,86,CORSAIR Vengeance SODIMM DDR5 RAM 48GB (2x24GB) 4800MHz CL40 Intel XMP iCUE Compatible Com,Cheapest listed $/GB across the consumer Keepa basket; per-drive posting glitches removed,48.0,111.79,DDR5
2025-09-01,DRAM,DDR5 (Keepa),usd_per_gb,2.17708,USD/GB,keepa,120,CORSAIR Vengeance SODIMM DDR5 RAM 48GB (2x24GB) 4800MHz CL40 Intel XMP iCUE Compatible Com,Cheapest listed $/GB across the consumer Keepa basket; per-drive posting glitches removed,48.0,104.5,DDR5
2025-10-01,DRAM,DDR5 (Keepa),usd_per_gb,2.92031,USD/GB,keepa,310,Axiom 32GB DDR5 SDRAM Memory Module - for Notebook - 32 GB - DDR5-5600/PC5-44800 DDR5 SDRA,Cheapest listed $/GB across the consumer Keepa basket; per-drive posting glitches removed,32.0,93.45,DDR5
2025-11-01,DRAM,DDR5 (Keepa),usd_per_gb,4.96875,USD/GB,keepa,295,G.Skill Trident Z5 32GB (2 X 16GB) DDR5 6000MHZ CL40 F5-6000J4040F16GX2-TZ5K Memory,Cheapest listed $/GB across the consumer Keepa basket; per-drive posting glitches removed,32.0,159.0,DDR5
2025-12-01,DRAM,DDR5 (Keepa),usd_per_gb,6.84677,USD/GB,keepa,263,96GB DDR5 SDRAM Memory Module,Cheapest listed $/GB across the consumer Keepa basket; per-drive posting glitches removed,96.0,657.29,DDR5
2026-01-01,DRAM,DDR5 (Keepa),usd_per_gb,9.87375,USD/GB,keepa,211,Kingston Fury Beast 8GB 5200MT/s DDR5 CL40 XMP 3.0 Ready Computer Memory Single Module KF5,Cheapest listed $/GB across the consumer Keepa basket; per-drive posting glitches removed,8.0,78.99,DDR5
2026-02-01,DRAM,DDR5 (Keepa),usd_per_gb,9.87375,USD/GB,keepa,150,Kingston Fury Beast 8GB 5200MT/s DDR5 CL40 XMP 3.0 Ready Computer Memory Single Module KF5,Cheapest listed $/GB across the consumer Keepa basket; per-drive posting glitches removed,8.0,78.99,DDR5
2026-03-01,DRAM,DDR5 (Keepa),usd_per_gb,13.28125,USD/GB,keepa,187,Adamanta 64GB (2x32GB) Compatible with MSI Stealth GS66 12UH-095 DDR5 4800MHz PC5-38400 SO,Cheapest listed $/GB across the consumer Keepa basket; per-drive posting glitches removed,64.0,850.0,DDR5
2026-04-01,DRAM,DDR5 (Keepa),usd_per_gb,10.9375,USD/GB,keepa,38,Micron SODIMM 16GB DDR5 4800 PC5 1Rx8 MTC8C1084S1SC48BAX Laptop Ultrabook RAM Memory for D,Cheapest listed $/GB across the consumer Keepa basket; per-drive posting glitches removed,16.0,175.0,DDR5
2026-05-01,DRAM,DDR5 (Keepa),usd_per_gb,7.10938,USD/GB,keepa,59,64GB DDR5 4800MT/S Module KIT of 2,Cheapest listed $/GB across the consumer Keepa basket; per-drive posting glitches removed,64.0,455.0,DDR5
2024-08-01,DRAM,DRAM cheapest (Keepa),usd_per_gb,0.89797,USD/GB,keepa,80,"FURY Beast 64GB, 4 X 16GGB DDR4 SDRAM Memory KIT",Cheapest listed $/GB across the consumer Keepa basket; per-drive posting glitches removed,64.0,57.47,DDR4
2024-09-01,DRAM,DRAM cheapest (Keepa),usd_per_gb,1.625,USD/GB,keepa,46,G.Skill 32GB (2 x 16G) Ripjaws Series DDR4 PC4-17000 2133MHz Laptop Memory Model F4-2133C1,Cheapest listed $/GB across the consumer Keepa basket; per-drive posting glitches removed,32.0,52.0,DDR4
2024-10-01,DRAM,DRAM cheapest (Keepa),usd_per_gb,1.79375,USD/GB,keepa,85,G.Skill 32GB (2 x 16G) Ripjaws Series DDR4 PC4-17000 2133MHz Laptop Memory Model F4-2133C1,Cheapest listed $/GB across the consumer Keepa basket; per-drive posting glitches removed,32.0,57.4,DDR4
2024-11-01,DRAM,DRAM cheapest (Keepa),usd_per_gb,1.80906,USD/GB,keepa,121,G.Skill 32GB (2 x 16G) Ripjaws Series DDR4 PC4-17000 2133MHz Laptop Memory Model F4-2133C1,Cheapest listed $/GB across the consumer Keepa basket; per-drive posting glitches removed,32.0,57.89,DDR4
2024-12-01,DRAM,DRAM cheapest (Keepa),usd_per_gb,1.83281,USD/GB,keepa,57,G.Skill 32GB (2 x 16G) Ripjaws Series DDR4 PC4-17000 2133MHz Laptop Memory Model F4-2133C1,Cheapest listed $/GB across the consumer Keepa basket; per-drive posting glitches removed,32.0,58.65,DDR4
2025-01-01,DRAM,DRAM cheapest (Keepa),usd_per_gb,1.88594,USD/GB,keepa,88,G.Skill 32GB (2 x 16G) Ripjaws Series DDR4 PC4-17000 2133MHz Laptop Memory Model F4-2133C1,Cheapest listed $/GB across the consumer Keepa basket; per-drive posting glitches removed,32.0,60.35,DDR4
2025-02-01,DRAM,DRAM cheapest (Keepa),usd_per_gb,1.85813,USD/GB,keepa,50,G.Skill 32GB (2 x 16G) Ripjaws Series DDR4 PC4-17000 2133MHz Laptop Memory Model F4-2133C1,Cheapest listed $/GB across the consumer Keepa basket; per-drive posting glitches removed,32.0,59.46,DDR4
2025-03-01,DRAM,DRAM cheapest (Keepa),usd_per_gb,1.7875,USD/GB,keepa,59,G.Skill 32GB (2 x 16G) Ripjaws Series DDR4 PC4-17000 2133MHz Laptop Memory Model F4-2133C1,Cheapest listed $/GB across the consumer Keepa basket; per-drive posting glitches removed,32.0,57.2,DDR4
2025-04-01,DRAM,DRAM cheapest (Keepa),usd_per_gb,1.75344,USD/GB,keepa,52,G.Skill 32GB (2 x 16G) Ripjaws Series DDR4 PC4-17000 2133MHz Laptop Memory Model F4-2133C1,Cheapest listed $/GB across the consumer Keepa basket; per-drive posting glitches removed,32.0,56.11,DDR4
2025-05-01,DRAM,DRAM cheapest (Keepa),usd_per_gb,1.49875,USD/GB,keepa,53,A-Tech 16GB Kit (2x8GB) RAM for Acer TravelMate 5760ZG | DDR3 1333MHz PC3-10600 SODIMM 204,Cheapest listed $/GB across the consumer Keepa basket; per-drive posting glitches removed,16.0,23.98,DDR3
2025-06-01,DRAM,DRAM cheapest (Keepa),usd_per_gb,1.92375,USD/GB,keepa,344,A-Tech 8GB RAM for Intel NUC7i3DNKTC NUC 7 Business Mini PC | DDR4 2133MHz PC4-17000 1.2V ,Cheapest listed $/GB across the consumer Keepa basket; per-drive posting glitches removed,8.0,15.39,DDR4
2025-07-01,DRAM,DRAM cheapest (Keepa),usd_per_gb,2.16646,USD/GB,keepa,527,CORSAIR Vengeance SODIMM DDR5 RAM 48GB (2x24GB) 4800MHz CL40 Intel XMP iCUE Compatible Com,Cheapest listed $/GB across the consumer Keepa basket; per-drive posting glitches removed,48.0,103.99,DDR5
2025-08-01,DRAM,DRAM cheapest (Keepa),usd_per_gb,2.32896,USD/GB,keepa,119,CORSAIR Vengeance SODIMM DDR5 RAM 48GB (2x24GB) 4800MHz CL40 Intel XMP iCUE Compatible Com,Cheapest listed $/GB across the consumer Keepa basket; per-drive posting glitches removed,48.0,111.79,DDR5
2025-09-01,DRAM,DRAM cheapest (Keepa),usd_per_gb,2.11625,USD/GB,keepa,611,A-Tech 8GB RAM for Intel NUC7i3DNKTC NUC 7 Business Mini PC | DDR4 2133MHz PC4-17000 1.2V ,Cheapest listed $/GB across the consumer Keepa basket; per-drive posting glitches removed,8.0,16.93,DDR4
2025-10-01,DRAM,DRAM cheapest (Keepa),usd_per_gb,2.44375,USD/GB,keepa,876,A-Tech 8GB RAM for Intel NUC7i3DNKTC NUC 7 Business Mini PC | DDR4 2133MHz PC4-17000 1.2V ,Cheapest listed $/GB across the consumer Keepa basket; per-drive posting glitches removed,8.0,19.55,DDR4
2025-11-01,DRAM,DRAM cheapest (Keepa),usd_per_gb,2.88,USD/GB,keepa,873,"HYNIX HMT325S6EFR8A-PB 1600 MHZ, 2 GB, DDR3, RAM Stick",Cheapest listed $/GB across the consumer Keepa basket; per-drive posting glitches removed,2.0,5.76,DDR3
2025-12-01,DRAM,DRAM cheapest (Keepa),usd_per_gb,4.03562,USD/GB,keepa,333,G.Skill Ripjaws V 16GB DDR4 K2 16GVK 4000 (2x8GB) C18,Cheapest listed $/GB across the consumer Keepa basket; per-drive posting glitches removed,16.0,64.57,DDR4
2026-01-01,DRAM,DRAM cheapest (Keepa),usd_per_gb,2.85,USD/GB,keepa,296,"HYNIX HMT325S6EFR8A-PB 1600 MHZ, 2 GB, DDR3, RAM Stick",Cheapest listed $/GB across the consumer Keepa basket; per-drive posting glitches removed,2.0,5.7,DDR3
2026-02-01,DRAM,DRAM cheapest (Keepa),usd_per_gb,5.375,USD/GB,keepa,223,"HYNIX HMT325S6EFR8A-PB 1600 MHZ, 2 GB, DDR3, RAM Stick",Cheapest listed $/GB across the consumer Keepa basket; per-drive posting glitches removed,2.0,10.75,DDR3
2026-03-01,DRAM,DRAM cheapest (Keepa),usd_per_gb,4.71687,USD/GB,keepa,274,A-Tech 16GB Kit (2x8GB) RAM for Acer TravelMate 5760ZG | DDR3 1333MHz PC3-10600 SODIMM 204,Cheapest listed $/GB across the consumer Keepa basket; per-drive posting glitches removed,16.0,75.47,DDR3
2026-04-01,DRAM,DRAM cheapest (Keepa),usd_per_gb,2.855,USD/GB,keepa,150,"HYNIX HMT325S6EFR8A-PB 1600 MHZ, 2 GB, DDR3, RAM Stick",Cheapest listed $/GB across the consumer Keepa basket; per-drive posting glitches removed,2.0,5.71,DDR3
2026-05-01,DRAM,DRAM cheapest (Keepa),usd_per_gb,3.45094,USD/GB,keepa,171,OFFTEK 32GB Replacement Memory RAM Upgrade for Gigabyte GA-7PESLX (DDR3-10600 - Reg) Mothe,Cheapest listed $/GB across the consumer Keepa basket; per-drive posting glitches removed,32.0,110.43,DDR3
2016-10-01,NAND,NAND cheapest (Keepa),usd_per_gb,0.46873,USD/GB,keepa,3,Plextor M8Pe 512GB M.2 PCIe NVMe Solid-State Drive with Heatsink (PX-512M8PeG),Cheapest listed $/GB across the consumer Keepa basket; per-drive posting glitches removed,512.0,239.99,PCIe Gen3
2016-11-01,NAND,NAND cheapest (Keepa),usd_per_gb,0.39061,USD/GB,keepa,3,Plextor M8Pe 512GB M.2 PCIe NVMe Solid-State Drive with Heatsink (PX-512M8PeG),Cheapest listed $/GB across the consumer Keepa basket; per-drive posting glitches removed,512.0,199.99,PCIe Gen3
2016-12-01,NAND,NAND cheapest (Keepa),usd_per_gb,0.38086,USD/GB,keepa,3,Plextor M8Pe 512GB M.2 PCIe NVMe Solid-State Drive with Heatsink (PX-512M8PeG),Cheapest listed $/GB across the consumer Keepa basket; per-drive posting glitches removed,512.0,195.0,PCIe Gen3
2017-01-01,NAND,NAND cheapest (Keepa),usd_per_gb,0.38086,USD/GB,keepa,3,Plextor M8Pe 512GB M.2 PCIe NVMe Solid-State Drive with Heatsink (PX-512M8PeG),Cheapest listed $/GB across the consumer Keepa basket; per-drive posting glitches removed,512.0,195.0,PCIe Gen3
2017-02-01,NAND,NAND cheapest (Keepa),usd_per_gb,0.38086,USD/GB,keepa,3,Plextor M8Pe 512GB M.2 PCIe NVMe Solid-State Drive with Heatsink (PX-512M8PeG),Cheapest listed $/GB across the consumer Keepa basket; per-drive posting glitches removed,512.0,195.0,PCIe Gen3
2017-03-01,NAND,NAND cheapest (Keepa),usd_per_gb,0.28125,USD/GB,keepa,2,Plextor M8Pe 512GB M.2 PCIe NVMe Solid-State Drive with Heatsink (PX-512M8PeG),Cheapest listed $/GB across the consumer Keepa basket; per-drive posting glitches removed,512.0,144.0,PCIe Gen3
2017-04-01,NAND,NAND cheapest (Keepa),usd_per_gb,0.27148,USD/GB,keepa,4,Plextor M8Pe 512GB M.2 PCIe NVMe Solid-State Drive with Heatsink (PX-512M8PeG),Cheapest listed $/GB across the consumer Keepa basket; per-drive posting glitches removed,512.0,139.0,PCIe Gen3
2017-05-01,NAND,NAND cheapest (Keepa),usd_per_gb,0.4199,USD/GB,keepa,3,Plextor M8Pe 512GB M.2 PCIe NVMe Solid-State Drive with Heatsink (PX-512M8PeG),Cheapest listed $/GB across the consumer Keepa basket; per-drive posting glitches removed,512.0,214.99,PCIe Gen3
2017-06-01,NAND,NAND cheapest (Keepa),usd_per_gb,0.41012,USD/GB,keepa,4,Toshiba OCZ RD400 Series Solid State Drive PCIe NVMe M.2 512GB & Add In Card (RVD400-M2228,Cheapest listed $/GB across the consumer Keepa basket; per-drive posting glitches removed,512.0,209.98,PCIe Gen3
2017-07-01,NAND,NAND cheapest (Keepa),usd_per_gb,0.37107,USD/GB,keepa,4,ADATA SX7000 PCIe 512GB 3D NAND NVMe Gen3x4 M.2 2280 Solid State Drive (ASX7000NP-512GT-C),Cheapest listed $/GB across the consumer Keepa basket; per-drive posting glitches removed,512.0,189.99,PCIe Gen3
2017-08-01,NAND,NAND cheapest (Keepa),usd_per_gb,0.37107,USD/GB,keepa,4,ADATA SX7000 PCIe 512GB 3D NAND NVMe Gen3x4 M.2 2280 Solid State Drive (ASX7000NP-512GT-C),Cheapest listed $/GB across the consumer Keepa basket; per-drive posting glitches removed,512.0,189.99,PCIe Gen3
2017-09-01,NAND,NAND cheapest (Keepa),usd_per_gb,0.36711,USD/GB,keepa,4,SK Hynix 256GB M.2 SSD (Solid State Drive) NVMe PCIe Model: HFS256GD9MND-5510A BA - OEM,Cheapest listed $/GB across the consumer Keepa basket; per-drive posting glitches removed,256.0,93.98,
2017-10-01,NAND,NAND cheapest (Keepa),usd_per_gb,0.36717,USD/GB,keepa,5,ADATA SX7000 PCIe 512GB 3D NAND NVMe Gen3x4 M.2 2280 Solid State Drive (ASX7000NP-512GT-C),Cheapest listed $/GB across the consumer Keepa basket; per-drive posting glitches removed,512.0,187.99,PCIe Gen3
2017-11-01,NAND,NAND cheapest (Keepa),usd_per_gb,0.35152,USD/GB,keepa,6,SK Hynix 256GB M.2 SSD (Solid State Drive) NVMe PCIe Model: HFS256GD9MND-5510A BA - OEM,Cheapest listed $/GB across the consumer Keepa basket; per-drive posting glitches removed,256.0,89.99,
2017-12-01,NAND,NAND cheapest (Keepa),usd_per_gb,0.31248,USD/GB,keepa,7,ADATA SX7000 PCIe 512GB 3D NAND NVMe Gen3x4 M.2 2280 Solid State Drive (ASX7000NP-512GT-C),Cheapest listed $/GB across the consumer Keepa basket; per-drive posting glitches removed,512.0,159.99,PCIe Gen3
2018-01-01,NAND,NAND cheapest (Keepa),usd_per_gb,0.30078,USD/GB,keepa,6,ADATA SX7000 PCIe 512GB 3D NAND NVMe Gen3x4 M.2 2280 Solid State Drive (ASX7000NP-512GT-C),Cheapest listed $/GB across the consumer Keepa basket; per-drive posting glitches removed,512.0,154.0,PCIe Gen3
2018-02-01,NAND,NAND cheapest (Keepa),usd_per_gb,0.30264,USD/GB,keepa,6,ADATA SX7000 PCIe 512GB 3D NAND NVMe Gen3x4 M.2 2280 Solid State Drive (ASX7000NP-512GT-C),Cheapest listed $/GB across the consumer Keepa basket; per-drive posting glitches removed,512.0,154.95,PCIe Gen3
2018-03-01,NAND,NAND cheapest (Keepa),usd_per_gb,0.30076,USD/GB,keepa,5,ADATA XPG SX6000 PCIe 512GB 3D NAND PCIe Gen3x4 M.2 2280 NVMe 1.2 R/W up to 1000/800MB/s S,Cheapest listed $/GB across the consumer Keepa basket; per-drive posting glitches removed,512.0,153.99,PCIe Gen3
2018-04-01,NAND,NAND cheapest (Keepa),usd_per_gb,0.26951,USD/GB,keepa,6,ADATA XPG SX6000 PCIe 512GB 3D NAND PCIe Gen3x4 M.2 2280 NVMe 1.2 R/W up to 1000/800MB/s S,Cheapest listed $/GB across the consumer Keepa basket; per-drive posting glitches removed,512.0,137.99,PCIe Gen3
2018-05-01,NAND,NAND cheapest (Keepa),usd_per_gb,0.24412,USD/GB,keepa,8,ADATA XPG SX6000 PCIe 512GB 3D NAND PCIe Gen3x4 M.2 2280 NVMe 1.2 R/W up to 1000/800MB/s S,Cheapest listed $/GB across the consumer Keepa basket; per-drive posting glitches removed,512.0,124.99,PCIe Gen3
2018-06-01,NAND,NAND cheapest (Keepa),usd_per_gb,0.21482,USD/GB,keepa,10,ADATA XPG SX6000 PCIe 512GB 3D NAND PCIe Gen3x4 M.2 2280 NVMe 1.2 R/W up to 1000/800MB/s S,Cheapest listed $/GB across the consumer Keepa basket; per-drive posting glitches removed,512.0,109.99,PCIe Gen3
2018-07-01,NAND,NAND cheapest (Keepa),usd_per_gb,0.22068,USD/GB,keepa,11,ADATA XPG SX6000 PCIe 512GB 3D NAND PCIe Gen3x4 M.2 2280 NVMe 1.2 R/W up to 1000/800MB/s S,Cheapest listed $/GB across the consumer Keepa basket; per-drive posting glitches removed,512.0,112.99,PCIe Gen3
2018-08-01,NAND,NAND cheapest (Keepa),usd_per_gb,0.20311,USD/GB,keepa,8,ADATA XPG SX6000 PCIe 512GB 3D NAND PCIe Gen3x4 M.2 2280 NVMe 1.2 R/W up to 1000/800MB/s S,Cheapest listed $/GB across the consumer Keepa basket; per-drive posting glitches removed,512.0,103.99,PCIe Gen3
2018-09-01,NAND,NAND cheapest (Keepa),usd_per_gb,0.17771,USD/GB,keepa,10,ADATA XPG SX6000 PCIe 512GB 3D NAND PCIe Gen3x4 M.2 2280 NVMe 1.2 R/W up to 1000/800MB/s S,Cheapest listed $/GB across the consumer Keepa basket; per-drive posting glitches removed,512.0,90.99,PCIe Gen3
2018-10-01,NAND,NAND cheapest (Keepa),usd_per_gb,0.17576,USD/GB,keepa,7,ADATA XPG SX6000 PCIe 512GB 3D NAND PCIe Gen3x4 M.2 2280 NVMe 1.2 R/W up to 1000/800MB/s S,Cheapest listed $/GB across the consumer Keepa basket; per-drive posting glitches removed,512.0,89.99,PCIe Gen3
2018-11-01,NAND,NAND cheapest (Keepa),usd_per_gb,0.166,USD/GB,keepa,8,ADATA XPG SX6000 PCIe 512GB 3D NAND PCIe Gen3x4 M.2 2280 NVMe 1.2 R/W up to 1000/800MB/s S,Cheapest listed $/GB across the consumer Keepa basket; per-drive posting glitches removed,512.0,84.99,PCIe Gen3
2018-12-01,NAND,NAND cheapest (Keepa),usd_per_gb,0.166,USD/GB,keepa,10,ADATA XPG SX6000 PCIe 512GB 3D NAND PCIe Gen3x4 M.2 2280 NVMe 1.2 R/W up to 1000/800MB/s S,Cheapest listed $/GB across the consumer Keepa basket; per-drive posting glitches removed,512.0,84.99,PCIe Gen3
2019-01-01,NAND,NAND cheapest (Keepa),usd_per_gb,0.166,USD/GB,keepa,14,ADATA XPG SX6000 PCIe 512GB 3D NAND PCIe Gen3x4 M.2 2280 NVMe 1.2 R/W up to 1000/800MB/s S,Cheapest listed $/GB across the consumer Keepa basket; per-drive posting glitches removed,512.0,84.99,PCIe Gen3
2019-02-01,NAND,NAND cheapest (Keepa),usd_per_gb,0.12999,USD/GB,keepa,12,"Dataram Internal SSD, PCIe NVMe M.2 2280 Solid State Drive, PCIe Gen3 8Gb/s (1TB)",Cheapest listed $/GB across the consumer Keepa basket; per-drive posting glitches removed,1000.0,129.99,PCIe Gen3
2019-03-01,NAND,NAND cheapest (Keepa),usd_per_gb,0.09764,USD/GB,keepa,14,SABRENT 512GB Rocket NVMe PCIe M.2 2280 Internal SSD High Performance Solid State Drive (S,Cheapest listed $/GB across the consumer Keepa basket; per-drive posting glitches removed,512.0,49.99,PCIe Gen3
2019-04-01,NAND,NAND cheapest (Keepa),usd_per_gb,0.125,USD/GB,keepa,18,"Dataram Internal SSD, PCIe NVMe M.2 2280 Solid State Drive, PCIe Gen3 8Gb/s (1TB)",Cheapest listed $/GB across the consumer Keepa basket; per-drive posting glitches removed,1000.0,125.0,PCIe Gen3
2019-05-01,NAND,NAND cheapest (Keepa),usd_per_gb,0.10399,USD/GB,keepa,28,"Dataram Internal SSD, PCIe NVMe M.2 2280 Solid State Drive, PCIe Gen3 8Gb/s (1TB)",Cheapest listed $/GB across the consumer Keepa basket; per-drive posting glitches removed,1000.0,103.99,PCIe Gen3
2019-06-01,NAND,NAND cheapest (Keepa),usd_per_gb,0.09999,USD/GB,keepa,18,"Dataram Internal SSD, PCIe NVMe M.2 2280 Solid State Drive, PCIe Gen3 8Gb/s (1TB)",Cheapest listed $/GB across the consumer Keepa basket; per-drive posting glitches removed,1000.0,99.99,PCIe Gen3
2019-07-01,NAND,NAND cheapest (Keepa),usd_per_gb,0.09764,USD/GB,keepa,18,SABRENT 512GB Rocket NVMe PCIe M.2 2280 Internal SSD High Performance Solid State Drive (S,Cheapest listed $/GB across the consumer Keepa basket; per-drive posting glitches removed,512.0,49.99,PCIe Gen3
2019-08-01,NAND,NAND cheapest (Keepa),usd_per_gb,0.11988,USD/GB,keepa,13,"Addlink S70 Lite 1TB NVMe SSD â M.2 2280 PCIe Gen3x4, Up to 3,200/2,600 MB/s Read/Write, I",Cheapest listed $/GB across the consumer Keepa basket; per-drive posting glitches removed,1000.0,119.88,PCIe Gen3
2019-09-01,NAND,NAND cheapest (Keepa),usd_per_gb,0.09999,USD/GB,keepa,24,XPG Gammix S5 1TB PCIe 3D NAND PCIe Gen3x4 M.2 2280 NVMe 1.3 R/W up to 2100/1500MB/s SSD (,Cheapest listed $/GB across the consumer Keepa basket; per-drive posting glitches removed,1000.0,99.99,PCIe Gen3
2019-10-01,NAND,NAND cheapest (Keepa),usd_per_gb,0.09999,USD/GB,keepa,15,"Dataram Internal SSD, PCIe NVMe M.2 2280 Solid State Drive, PCIe Gen3 8Gb/s (1TB)",Cheapest listed $/GB across the consumer Keepa basket; per-drive posting glitches removed,1000.0,99.99,PCIe Gen3
2019-11-01,NAND,NAND cheapest (Keepa),usd_per_gb,0.09599,USD/GB,keepa,19,XPG Gammix S5 1TB PCIe 3D NAND PCIe Gen3x4 M.2 2280 NVMe 1.3 R/W up to 2100/1500MB/s SSD (,Cheapest listed $/GB across the consumer Keepa basket; per-drive posting glitches removed,1000.0,95.99,PCIe Gen3
2019-12-01,NAND,NAND cheapest (Keepa),usd_per_gb,0.10999,USD/GB,keepa,23,"Dataram Internal SSD, PCIe NVMe M.2 2280 Solid State Drive, PCIe Gen3 8Gb/s (1TB)",Cheapest listed $/GB across the consumer Keepa basket; per-drive posting glitches removed,1000.0,109.99,PCIe Gen3
2020-01-01,NAND,NAND cheapest (Keepa),usd_per_gb,0.119,USD/GB,keepa,17,"Dataram Internal SSD, PCIe NVMe M.2 2280 Solid State Drive, PCIe Gen3 8Gb/s (1TB)",Cheapest listed $/GB across the consumer Keepa basket; per-drive posting glitches removed,1000.0,119.0,PCIe Gen3
2020-02-01,NAND,NAND cheapest (Keepa),usd_per_gb,0.125,USD/GB,keepa,31,"Dataram Internal SSD, PCIe NVMe M.2 2280 Solid State Drive, PCIe Gen3 8Gb/s (1TB)",Cheapest listed $/GB across the consumer Keepa basket; per-drive posting glitches removed,1000.0,125.0,PCIe Gen3
2020-03-01,NAND,NAND cheapest (Keepa),usd_per_gb,0.12999,USD/GB,keepa,20,"Silicon Power 2TB w/DRAM Cache NVMe M.2 PCIe Gen3x4 2280 SSD R/W up to 3,400/3,000MB/s (SU",Cheapest listed $/GB across the consumer Keepa basket; per-drive posting glitches removed,2000.0,259.98,PCIe Gen3
2020-04-01,NAND,NAND cheapest (Keepa),usd_per_gb,0.12799,USD/GB,keepa,20,XPG Gammix S5 1TB PCIe 3D NAND PCIe Gen3x4 M.2 2280 NVMe 1.3 R/W up to 2100/1500MB/s SSD (,Cheapest listed $/GB across the consumer Keepa basket; per-drive posting glitches removed,1000.0,127.99,PCIe Gen3
2020-05-01,NAND,NAND cheapest (Keepa),usd_per_gb,0.12499,USD/GB,keepa,18,XPG Gammix S5 1TB PCIe 3D NAND PCIe Gen3x4 M.2 2280 NVMe 1.3 R/W up to 2100/1500MB/s SSD (,Cheapest listed $/GB across the consumer Keepa basket; per-drive posting glitches removed,1000.0,124.99,PCIe Gen3
2020-06-01,NAND,NAND cheapest (Keepa),usd_per_gb,0.12499,USD/GB,keepa,21,XPG GAMMIX 1TB S11 Pro 3D NAND PCIe NVMe Gen3x4 M.2 2280 SSD (AGAMMIXS11P-1TT-C),Cheapest listed $/GB across the consumer Keepa basket; per-drive posting glitches removed,1000.0,124.99,PCIe Gen3
2020-07-01,NAND,NAND cheapest (Keepa),usd_per_gb,0.11799,USD/GB,keepa,21,XPG Gammix S5 1TB PCIe 3D NAND PCIe Gen3x4 M.2 2280 NVMe 1.3 R/W up to 2100/1500MB/s SSD (,Cheapest listed $/GB across the consumer Keepa basket; per-drive posting glitches removed,1000.0,117.99,PCIe Gen3
2020-08-01,NAND,NAND cheapest (Keepa),usd_per_gb,0.08999,USD/GB,keepa,22,LEVEN JP600 1TB Up to 2100 MB/s PCIe NVMe Internal SSD (Solid State Drive)- Gen3x4 M.2 228,Cheapest listed $/GB across the consumer Keepa basket; per-drive posting glitches removed,1000.0,89.99,PCIe Gen3
2020-09-01,NAND,NAND cheapest (Keepa),usd_per_gb,0.08999,USD/GB,keepa,21,LEVEN JP600 1TB Up to 2100 MB/s PCIe NVMe Internal SSD (Solid State Drive)- Gen3x4 M.2 228,Cheapest listed $/GB across the consumer Keepa basket; per-drive posting glitches removed,1000.0,89.99,PCIe Gen3
2020-10-01,NAND,NAND cheapest (Keepa),usd_per_gb,0.08999,USD/GB,keepa,29,LEVEN JP600 1TB Up to 2100 MB/s PCIe NVMe Internal SSD (Solid State Drive)- Gen3x4 M.2 228,Cheapest listed $/GB across the consumer Keepa basket; per-drive posting glitches removed,1000.0,89.99,PCIe Gen3
2020-11-01,NAND,NAND cheapest (Keepa),usd_per_gb,0.1048,USD/GB,keepa,25,TOTAL MICRO TECHNOLOGIES Total Micro 512GB M.2 PCIe Nvme Class 40 Solid State Drive Meets ,Cheapest listed $/GB across the consumer Keepa basket; per-drive posting glitches removed,512.0,53.66,
2020-12-01,NAND,NAND cheapest (Keepa),usd_per_gb,0.11249,USD/GB,keepa,26,Crucial P2 2TB 3D NAND NVMe PCIe M.2 SSD Up to 2400MB/s - CT2000P2SSD8,Cheapest listed $/GB across the consumer Keepa basket; per-drive posting glitches removed,2000.0,224.98,PCIe Gen3
2021-01-01,NAND,NAND cheapest (Keepa),usd_per_gb,0.105,USD/GB,keepa,31,Crucial P2 2TB 3D NAND NVMe PCIe M.2 SSD Up to 2400MB/s - CT2000P2SSD8,Cheapest listed $/GB across the consumer Keepa basket; per-drive posting glitches removed,2000.0,210.0,PCIe Gen3
2021-02-01,NAND,NAND cheapest (Keepa),usd_per_gb,0.1,USD/GB,keepa,22,Crucial P2 2TB 3D NAND NVMe PCIe M.2 SSD Up to 2400MB/s - CT2000P2SSD8,Cheapest listed $/GB across the consumer Keepa basket; per-drive posting glitches removed,2000.0,200.0,PCIe Gen3
2021-03-01,NAND,NAND cheapest (Keepa),usd_per_gb,0.08999,USD/GB,keepa,25,LEVEN JP600 1TB Up to 2100 MB/s PCIe NVMe Internal SSD (Solid State Drive)- Gen3x4 M.2 228,Cheapest listed $/GB across the consumer Keepa basket; per-drive posting glitches removed,1000.0,89.99,PCIe Gen3
2021-04-01,NAND,NAND cheapest (Keepa),usd_per_gb,0.104,USD/GB,keepa,32,Crucial P2 2TB 3D NAND NVMe PCIe M.2 SSD Up to 2400MB/s - CT2000P2SSD8,Cheapest listed $/GB across the consumer Keepa basket; per-drive posting glitches removed,2000.0,208.0,PCIe Gen3
2021-05-01,NAND,NAND cheapest (Keepa),usd_per_gb,0.0955,USD/GB,keepa,31,Crucial P2 2TB 3D NAND NVMe PCIe M.2 SSD Up to 2400MB/s - CT2000P2SSD8,Cheapest listed $/GB across the consumer Keepa basket; per-drive posting glitches removed,2000.0,191.0,PCIe Gen3
2021-06-01,NAND,NAND cheapest (Keepa),usd_per_gb,0.099,USD/GB,keepa,25,Crucial P2 2TB 3D NAND NVMe PCIe M.2 SSD Up to 2400MB/s - CT2000P2SSD8,Cheapest listed $/GB across the consumer Keepa basket; per-drive posting glitches removed,2000.0,198.0,PCIe Gen3
2021-07-01,NAND,NAND cheapest (Keepa),usd_per_gb,0.10998,USD/GB,keepa,32,Mushkin Helix-LT â 500GB PCIe NVMe 1.3 â M.2 (2280) Internal Solid State Drive (SSD) â Gen,Cheapest listed $/GB across the consumer Keepa basket; per-drive posting glitches removed,500.0,54.99,PCIe Gen3
2021-08-01,NAND,NAND cheapest (Keepa),usd_per_gb,0.10299,USD/GB,keepa,35,XPG Gammix S5 1TB PCIe 3D NAND PCIe Gen3x4 M.2 2280 NVMe 1.3 R/W up to 2100/1500MB/s SSD (,Cheapest listed $/GB across the consumer Keepa basket; per-drive posting glitches removed,1000.0,102.99,PCIe Gen3
2021-09-01,NAND,NAND cheapest (Keepa),usd_per_gb,0.09142,USD/GB,keepa,46,Mushkin Helix-LT â 500GB PCIe NVMe 1.3 â M.2 (2280) Internal Solid State Drive (SSD) â Gen,Cheapest listed $/GB across the consumer Keepa basket; per-drive posting glitches removed,500.0,45.71,PCIe Gen3
2021-10-01,NAND,NAND cheapest (Keepa),usd_per_gb,0.07999,USD/GB,keepa,38,msi SPATIUM M370 NVMe M.2 1TB Internal SSD PCIe Gen3 NVMe 1.3 3D NAND 1600 TBW,Cheapest listed $/GB across the consumer Keepa basket; per-drive posting glitches removed,1000.0,79.99,PCIe Gen3
2021-11-01,NAND,NAND cheapest (Keepa),usd_per_gb,0.07999,USD/GB,keepa,38,msi SPATIUM M370 NVMe M.2 1TB Internal SSD PCIe Gen3 NVMe 1.3 3D NAND 1600 TBW,Cheapest listed $/GB across the consumer Keepa basket; per-drive posting glitches removed,1000.0,79.99,PCIe Gen3
2021-12-01,NAND,NAND cheapest (Keepa),usd_per_gb,0.08,USD/GB,keepa,39,Crucial P2 2TB 3D NAND NVMe PCIe M.2 SSD Up to 2400MB/s - CT2000P2SSD8,Cheapest listed $/GB across the consumer Keepa basket; per-drive posting glitches removed,2000.0,160.0,PCIe Gen3
2022-01-01,NAND,NAND cheapest (Keepa),usd_per_gb,0.0845,USD/GB,keepa,39,msi SPATIUM M370 NVMe M.2 1TB Internal SSD PCIe Gen3 NVMe 1.3 3D NAND 1600 TBW,Cheapest listed $/GB across the consumer Keepa basket; per-drive posting glitches removed,1000.0,84.5,PCIe Gen3
2022-02-01,NAND,NAND cheapest (Keepa),usd_per_gb,0.0905,USD/GB,keepa,35,"WD_BLACK 2TB SN750 NVMe Internal Gaming SSD Solid State Drive - Gen3 PCIe, M.2 2280, 3D NA",Cheapest listed $/GB across the consumer Keepa basket; per-drive posting glitches removed,2000.0,181.0,PCIe Gen3
2022-03-01,NAND,NAND cheapest (Keepa),usd_per_gb,0.075,USD/GB,keepa,49,"WD_BLACK 2TB SN750 NVMe Internal Gaming SSD Solid State Drive - Gen3 PCIe, M.2 2280, 3D NA",Cheapest listed $/GB across the consumer Keepa basket; per-drive posting glitches removed,2000.0,150.0,PCIe Gen3
2022-04-01,NAND,NAND cheapest (Keepa),usd_per_gb,0.085,USD/GB,keepa,39,Crucial P2 2TB 3D NAND NVMe PCIe M.2 SSD Up to 2400MB/s - CT2000P2SSD8,Cheapest listed $/GB across the consumer Keepa basket; per-drive posting glitches removed,2000.0,170.0,PCIe Gen3
2022-05-01,NAND,NAND cheapest (Keepa),usd_per_gb,0.08,USD/GB,keepa,36,Crucial P2 2TB 3D NAND NVMe PCIe M.2 SSD Up to 2400MB/s - CT2000P2SSD8,Cheapest listed $/GB across the consumer Keepa basket; per-drive posting glitches removed,2000.0,160.0,PCIe Gen3
2022-06-01,NAND,NAND cheapest (Keepa),usd_per_gb,0.07799,USD/GB,keepa,83,XPG Gammix S5 1TB PCIe 3D NAND PCIe Gen3x4 M.2 2280 NVMe 1.3 R/W up to 2100/1500MB/s SSD (,Cheapest listed $/GB across the consumer Keepa basket; per-drive posting glitches removed,1000.0,77.99,PCIe Gen3
2022-07-01,NAND,NAND cheapest (Keepa),usd_per_gb,0.07,USD/GB,keepa,46,Crucial P2 2TB 3D NAND NVMe PCIe M.2 SSD Up to 2400MB/s - CT2000P2SSD8,Cheapest listed $/GB across the consumer Keepa basket; per-drive posting glitches removed,2000.0,140.0,PCIe Gen3
2022-08-01,NAND,NAND cheapest (Keepa),usd_per_gb,0.06999,USD/GB,keepa,52,XPG Gammix S5 1TB PCIe 3D NAND PCIe Gen3x4 M.2 2280 NVMe 1.3 R/W up to 2100/1500MB/s SSD (,Cheapest listed $/GB across the consumer Keepa basket; per-drive posting glitches removed,1000.0,69.99,PCIe Gen3
2022-09-01,NAND,NAND cheapest (Keepa),usd_per_gb,0.05699,USD/GB,keepa,52,LEVEN JP600 1TB Up to 2100 MB/s PCIe NVMe Internal SSD (Solid State Drive)- Gen3x4 M.2 228,Cheapest listed $/GB across the consumer Keepa basket; per-drive posting glitches removed,1000.0,56.99,PCIe Gen3
2022-10-01,NAND,NAND cheapest (Keepa),usd_per_gb,0.05599,USD/GB,keepa,61,LEVEN JP600 1TB Up to 2100 MB/s PCIe NVMe Internal SSD (Solid State Drive)- Gen3x4 M.2 228,Cheapest listed $/GB across the consumer Keepa basket; per-drive posting glitches removed,1000.0,55.99,PCIe Gen3
2022-11-01,NAND,NAND cheapest (Keepa),usd_per_gb,0.04999,USD/GB,keepa,66,LEVEN JP600 1TB Up to 2100 MB/s PCIe NVMe Internal SSD (Solid State Drive)- Gen3x4 M.2 228,Cheapest listed $/GB across the consumer Keepa basket; per-drive posting glitches removed,1000.0,49.99,PCIe Gen3
2022-12-01,NAND,NAND cheapest (Keepa),usd_per_gb,0.04899,USD/GB,keepa,70,LEVEN JP600 1TB Up to 2100 MB/s PCIe NVMe Internal SSD (Solid State Drive)- Gen3x4 M.2 228,Cheapest listed $/GB across the consumer Keepa basket; per-drive posting glitches removed,1000.0,48.99,PCIe Gen3
2023-01-01,NAND,NAND cheapest (Keepa),usd_per_gb,0.04999,USD/GB,keepa,107,LEVEN JP600 1TB Up to 2100 MB/s PCIe NVMe Internal SSD (Solid State Drive)- Gen3x4 M.2 228,Cheapest listed $/GB across the consumer Keepa basket; per-drive posting glitches removed,1000.0,49.99,PCIe Gen3
2023-02-01,NAND,NAND cheapest (Keepa),usd_per_gb,0.04299,USD/GB,keepa,102,LEVEN JP600 1TB Up to 2100 MB/s PCIe NVMe Internal SSD (Solid State Drive)- Gen3x4 M.2 228,Cheapest listed $/GB across the consumer Keepa basket; per-drive posting glitches removed,1000.0,42.99,PCIe Gen3
2023-03-01,NAND,NAND cheapest (Keepa),usd_per_gb,0.04299,USD/GB,keepa,79,LEVEN JP600 1TB Up to 2100 MB/s PCIe NVMe Internal SSD (Solid State Drive)- Gen3x4 M.2 228,Cheapest listed $/GB across the consumer Keepa basket; per-drive posting glitches removed,1000.0,42.99,PCIe Gen3
2023-04-01,NAND,NAND cheapest (Keepa),usd_per_gb,0.03999,USD/GB,keepa,126,LEVEN JP600 1TB Up to 2100 MB/s PCIe NVMe Internal SSD (Solid State Drive)- Gen3x4 M.2 228,Cheapest listed $/GB across the consumer Keepa basket; per-drive posting glitches removed,1000.0,39.99,PCIe Gen3
2023-05-01,NAND,NAND cheapest (Keepa),usd_per_gb,0.03999,USD/GB,keepa,91,"Silicon Power 2TB w/DRAM Cache NVMe M.2 PCIe Gen3x4 2280 SSD R/W up to 3,400/3,000MB/s (SU",Cheapest listed $/GB across the consumer Keepa basket; per-drive posting glitches removed,2000.0,79.98,PCIe Gen3
2023-06-01,NAND,NAND cheapest (Keepa),usd_per_gb,0.03899,USD/GB,keepa,94,"Ediloca EN600 PRO SSD 1TB PCIe 3.0 Gen 3x4, NVMe M.2 2280, Up to 3200MB/s, Internal Solid ",Cheapest listed $/GB across the consumer Keepa basket; per-drive posting glitches removed,1000.0,38.99,PCIe Gen3
2023-07-01,NAND,NAND cheapest (Keepa),usd_per_gb,0.03699,USD/GB,keepa,148,"LEVEN JPS800 1TB PCIe Gen4 Speed up to 5,000MB/s, 3D NAND NVMe M.2 SSD with Thermal Pad an",Cheapest listed $/GB across the consumer Keepa basket; per-drive posting glitches removed,1000.0,36.99,PCIe Gen4
2023-08-01,NAND,NAND cheapest (Keepa),usd_per_gb,0.03699,USD/GB,keepa,105,"LEVEN JPS800 1TB PCIe Gen4 Speed up to 5,000MB/s, 3D NAND NVMe M.2 SSD with Thermal Pad an",Cheapest listed $/GB across the consumer Keepa basket; per-drive posting glitches removed,1000.0,36.99,PCIe Gen4
2023-09-01,NAND,NAND cheapest (Keepa),usd_per_gb,0.03299,USD/GB,keepa,92,Solidigmâ¢ P41 Plus Series 1TB PCIe GEN 4 NVMe 4.0 x4 M.2 2280 3D NAND Internal Solid State,Cheapest listed $/GB across the consumer Keepa basket; per-drive posting glitches removed,1000.0,32.99,PCIe Gen4
2023-10-01,NAND,NAND cheapest (Keepa),usd_per_gb,0.03499,USD/GB,keepa,105,Solidigmâ¢ P41 Plus Series 1TB PCIe GEN 4 NVMe 4.0 x4 M.2 2280 3D NAND Internal Solid State,Cheapest listed $/GB across the consumer Keepa basket; per-drive posting glitches removed,1000.0,34.99,PCIe Gen4
2023-11-01,NAND,NAND cheapest (Keepa),usd_per_gb,0.03949,USD/GB,keepa,106,"Silicon Power 4TB UD90 NVMe 4.0 Gen4 PCIe M.2 SSD R/W up to 5,000/4,500 MB/s (SP04KGBP44UD",Cheapest listed $/GB across the consumer Keepa basket; per-drive posting glitches removed,4000.0,157.96,PCIe Gen4
2023-12-01,NAND,NAND cheapest (Keepa),usd_per_gb,0.04124,USD/GB,keepa,118,"Silicon Power 4TB UD90 NVMe 4.0 Gen4 PCIe M.2 SSD R/W up to 5,000/4,500 MB/s (SP04KGBP44UD",Cheapest listed $/GB across the consumer Keepa basket; per-drive posting glitches removed,4000.0,164.96,PCIe Gen4
2024-01-01,NAND,NAND cheapest (Keepa),usd_per_gb,0.03949,USD/GB,keepa,114,"Silicon Power 4TB UD90 NVMe 4.0 Gen4 PCIe M.2 SSD R/W up to 5,000/4,500 MB/s (SP04KGBP44UD",Cheapest listed $/GB across the consumer Keepa basket; per-drive posting glitches removed,4000.0,157.96,PCIe Gen4
2024-02-01,NAND,NAND cheapest (Keepa),usd_per_gb,0.04125,USD/GB,keepa,107,"Crucial P3 PCIe Gen3 NVMe 4TB SSD, Up to 3,500MB/s Read, Laptop & Desktop (PC) Compatible,",Cheapest listed $/GB across the consumer Keepa basket; per-drive posting glitches removed,4000.0,165.0,PCIe Gen3
2024-03-01,NAND,NAND cheapest (Keepa),usd_per_gb,0.0475,USD/GB,keepa,99,"LEVEN JPS800 4TB PCIe Gen4 Speed up to 5,000MB/s 3D NAND NVMe M.2 SSD with Thermal Pad and",Cheapest listed $/GB across the consumer Keepa basket; per-drive posting glitches removed,4000.0,190.0,PCIe Gen4
2024-04-01,NAND,NAND cheapest (Keepa),usd_per_gb,0.04799,USD/GB,keepa,94,"Silicon Power 4TB UD90 NVMe 4.0 Gen4 PCIe M.2 SSD R/W up to 5,000/4,500 MB/s (SP04KGBP44UD",Cheapest listed $/GB across the consumer Keepa basket; per-drive posting glitches removed,4000.0,191.96,PCIe Gen4
2024-05-01,NAND,NAND cheapest (Keepa),usd_per_gb,0.04626,USD/GB,keepa,97,Western Digital 500GB WD Blue SN570 NVMe Internal Solid State Drive SSD - Gen3 x4 PCIe 8Gb,Cheapest listed $/GB across the consumer Keepa basket; per-drive posting glitches removed,500.0,23.13,PCIe Gen3
2024-06-01,NAND,NAND cheapest (Keepa),usd_per_gb,0.05125,USD/GB,keepa,93,"Crucial P3 PCIe Gen3 NVMe 4TB SSD, Up to 3,500MB/s Read, Laptop & Desktop (PC) Compatible,",Cheapest listed $/GB across the consumer Keepa basket; per-drive posting glitches removed,4000.0,205.0,PCIe Gen3
2024-07-01,NAND,NAND cheapest (Keepa),usd_per_gb,0.045,USD/GB,keepa,103,Dell KP2TG Solid State Drive - 1 TB - M.2 2280 - NVMe - PCIe Gen4 x 4 (Renewed),Cheapest listed $/GB across the consumer Keepa basket; per-drive posting glitches removed,1000.0,45.0,PCIe Gen4
2024-08-01,NAND,NAND cheapest (Keepa),usd_per_gb,0.0475,USD/GB,keepa,97,"LEVEN JPS800 4TB PCIe Gen4 Speed up to 5,000MB/s 3D NAND NVMe M.2 SSD with Thermal Pad and",Cheapest listed $/GB across the consumer Keepa basket; per-drive posting glitches removed,4000.0,190.0,PCIe Gen4
2024-09-01,NAND,NAND cheapest (Keepa),usd_per_gb,0.0356,USD/GB,keepa,93,V7 1 TB Solid State Drive - M.2 Internal - PCI Express NVMe (PCI Express 3.0 x4) - TAA Com,Cheapest listed $/GB across the consumer Keepa basket; per-drive posting glitches removed,1000.0,35.6,PCIe Gen3
2024-10-01,NAND,NAND cheapest (Keepa),usd_per_gb,0.0475,USD/GB,keepa,97,"LEVEN JPS800 4TB PCIe Gen4 Speed up to 5,000MB/s 3D NAND NVMe M.2 SSD with Thermal Pad and",Cheapest listed $/GB across the consumer Keepa basket; per-drive posting glitches removed,4000.0,190.0,PCIe Gen4
2024-11-01,NAND,NAND cheapest (Keepa),usd_per_gb,0.0356,USD/GB,keepa,118,V7 1 TB Solid State Drive - M.2 Internal - PCI Express NVMe (PCI Express 3.0 x4) - TAA Com,Cheapest listed $/GB across the consumer Keepa basket; per-drive posting glitches removed,1000.0,35.6,PCIe Gen3
2024-12-01,NAND,NAND cheapest (Keepa),usd_per_gb,0.04674,USD/GB,keepa,100,"Ediloca 2TB M2 NVME SSD with Heatsink - PCIe Gen4.0 NVMe M.2 2280 3D NAND TLC, 4800MB/s Re",Cheapest listed $/GB across the consumer Keepa basket; per-drive posting glitches removed,2000.0,93.48,PCIe Gen4
2025-01-01,NAND,NAND cheapest (Keepa),usd_per_gb,0.04625,USD/GB,keepa,112,"LEVEN JPS800 4TB PCIe Gen4 Speed up to 5,000MB/s 3D NAND NVMe M.2 SSD with Thermal Pad and",Cheapest listed $/GB across the consumer Keepa basket; per-drive posting glitches removed,4000.0,185.0,PCIe Gen4
2025-02-01,NAND,NAND cheapest (Keepa),usd_per_gb,0.04749,USD/GB,keepa,103,"Colorful 2TB M2 SSD NVMe 2280 Internal Solid State Drive,SLC Cache 3D NAND TLC,Up to 3200M",Cheapest listed $/GB across the consumer Keepa basket; per-drive posting glitches removed,2000.0,94.98,
2025-03-01,NAND,NAND cheapest (Keepa),usd_per_gb,0.045,USD/GB,keepa,117,"Colorful 2TB M2 SSD NVMe 2280 Internal Solid State Drive,SLC Cache 3D NAND TLC,Up to 3200M",Cheapest listed $/GB across the consumer Keepa basket; per-drive posting glitches removed,2000.0,90.0,
2025-04-01,NAND,NAND cheapest (Keepa),usd_per_gb,0.045,USD/GB,keepa,121,"Colorful 2TB M2 SSD NVMe 2280 Internal Solid State Drive,SLC Cache 3D NAND TLC,Up to 3200M",Cheapest listed $/GB across the consumer Keepa basket; per-drive posting glitches removed,2000.0,90.0,
2025-05-01,NAND,NAND cheapest (Keepa),usd_per_gb,0.045,USD/GB,keepa,117,"Colorful 2TB M2 SSD NVMe 2280 Internal Solid State Drive,SLC Cache 3D NAND TLC,Up to 3200M",Cheapest listed $/GB across the consumer Keepa basket; per-drive posting glitches removed,2000.0,90.0,
2025-06-01,NAND,NAND cheapest (Keepa),usd_per_gb,0.045,USD/GB,keepa,106,"Colorful 2TB M2 SSD NVMe 2280 Internal Solid State Drive,SLC Cache 3D NAND TLC,Up to 3200M",Cheapest listed $/GB across the consumer Keepa basket; per-drive posting glitches removed,2000.0,90.0,
2025-07-01,NAND,NAND cheapest (Keepa),usd_per_gb,0.04462,USD/GB,keepa,106,"Ediloca 4TB SSD NVMe M.2 2280 PCIe Gen4 x4 Internal Solid State Drive - Up to 5000MB/s, 4T",Cheapest listed $/GB across the consumer Keepa basket; per-drive posting glitches removed,4000.0,178.48,PCIe Gen4
2025-08-01,NAND,NAND cheapest (Keepa),usd_per_gb,0.0455,USD/GB,keepa,112,"Ediloca 4TB SSD NVMe M.2 2280 PCIe Gen4 x4 Internal Solid State Drive - Up to 5000MB/s, 4T",Cheapest listed $/GB across the consumer Keepa basket; per-drive posting glitches removed,4000.0,182.0,PCIe Gen4
2025-09-01,NAND,NAND cheapest (Keepa),usd_per_gb,0.04559,USD/GB,keepa,117,"Ediloca 2TB M2 NVME SSD with Heatsink - PCIe Gen4.0 NVMe M.2 2280 3D NAND TLC, 4800MB/s Re",Cheapest listed $/GB across the consumer Keepa basket; per-drive posting glitches removed,2000.0,91.18,PCIe Gen4
2025-10-01,NAND,NAND cheapest (Keepa),usd_per_gb,0.04925,USD/GB,keepa,140,Corsair MP600 PRO NH 2TB PCIe Gen4 x4 NVMe M.2 SSD â High-Density TLC NAND â M.2 2280 â Di,Cheapest listed $/GB across the consumer Keepa basket; per-drive posting glitches removed,2000.0,98.5,PCIe Gen4
2025-11-01,NAND,NAND cheapest (Keepa),usd_per_gb,0.04925,USD/GB,keepa,200,Corsair MP600 CORE XT 2TB M.2 PCIe Gen4 NVMe SSD â Up to 5900MB/s â QLC NAND â M.2 2280 â ,Cheapest listed $/GB across the consumer Keepa basket; per-drive posting glitches removed,2000.0,98.5,PCIe Gen4
2025-12-01,NAND,NAND cheapest (Keepa),usd_per_gb,0.0569,USD/GB,keepa,188,"Crucial P3 PCIe Gen3 NVMe 4TB SSD, Up to 3,500MB/s Read, Laptop & Desktop (PC) Compatible,",Cheapest listed $/GB across the consumer Keepa basket; per-drive posting glitches removed,4000.0,227.6,PCIe Gen3
2026-01-01,NAND,NAND cheapest (Keepa),usd_per_gb,0.05,USD/GB,keepa,191,"LEVEN JPS800 4TB PCIe Gen4 Speed up to 5,000MB/s 3D NAND NVMe M.2 SSD with Thermal Pad and",Cheapest listed $/GB across the consumer Keepa basket; per-drive posting glitches removed,4000.0,200.0,PCIe Gen4
2026-02-01,NAND,NAND cheapest (Keepa),usd_per_gb,0.085,USD/GB,keepa,120,"LEVEN JPS800 4TB PCIe Gen4 Speed up to 5,000MB/s 3D NAND NVMe M.2 SSD with Thermal Pad and",Cheapest listed $/GB across the consumer Keepa basket; per-drive posting glitches removed,4000.0,340.0,PCIe Gen4
2026-03-01,NAND,NAND cheapest (Keepa),usd_per_gb,0.08723,USD/GB,keepa,109,"Corsair MP600 PRO XT 8TB Gen4 PCIe x4 NVMe M.2 SSD - Up to 7,000 MB/s Sequential Read and ",Cheapest listed $/GB across the consumer Keepa basket; per-drive posting glitches removed,8000.0,697.84,PCIe Gen4
2026-04-01,NAND,NAND cheapest (Keepa),usd_per_gb,0.096,USD/GB,keepa,103,SAMSUNG 1TB M.2 2230 30mm PM991a NVMe PCIe Gen3 x4 TLC SSD (MZ9LQ1T0HBLB) for Xbox Surface,Cheapest listed $/GB across the consumer Keepa basket; per-drive posting glitches removed,1000.0,96.0,PCIe Gen3
2026-05-01,NAND,NAND cheapest (Keepa),usd_per_gb,0.0995,USD/GB,keepa,149,"WD_Black 2TB SN770 NVMe Internal Gaming SSD Solid State Drive - Gen4 PCIe, M.2 2280, Up to",Cheapest listed $/GB across the consumer Keepa basket; per-drive posting glitches removed,2000.0,199.0,PCIe Gen4
2026-06-01,DRAM,DDR3 (Keepa),usd_per_gb,3.63625,USD/GB,keepa,47,A-Tech 8GB RAM Replacement for Kingston KTA-MB1600/8G | DDR3 1600MHz PC3-12800 2Rx8 1.5V S,Cheapest listed $/GB across the consumer Keepa basket; per-drive posting glitches removed,8.0,29.09,DDR3
2026-06-01,DRAM,DDR4 (Keepa),usd_per_gb,5.95812,USD/GB,keepa,65,A-Tech 16GB RAM Replacement for Fujitsu 38046017 | DDR4 2133MHz PC4-17000 2Rx8 1.2V SODIMM,Cheapest listed $/GB across the consumer Keepa basket; per-drive posting glitches removed,16.0,95.33,DDR4
2026-06-01,DRAM,DDR5 (Keepa),usd_per_gb,9.37312,USD/GB,keepa,148,Silicon Power DDR5 16GB (1x16GB) Zenith RGB 6400MT/s (PC5-51200) 288-pin CL32 1.4V UDIMM D,Cheapest listed $/GB across the consumer Keepa basket; per-drive posting glitches removed,16.0,149.97,DDR5
2026-06-01,DRAM,DRAM cheapest (Keepa),usd_per_gb,3.63625,USD/GB,keepa,260,A-Tech 8GB RAM Replacement for Kingston KTA-MB1600/8G | DDR3 1600MHz PC3-12800 2Rx8 1.5V S,Cheapest listed $/GB across the consumer Keepa basket; per-drive posting glitches removed,8.0,29.09,DDR3
2026-06-01,NAND,NAND cheapest (Keepa),usd_per_gb,0.09753,USD/GB,keepa,140,"Western Digital 4TB WD Blue SN5000 NVMe Internal Solid State Drive SSD - PCIe Gen 4.0, M.2",Cheapest listed $/GB across the consumer Keepa basket; per-drive posting glitches removed,4000.0,390.12,PCIe Gen4
2026-07-01,DRAM,DDR3 (Keepa),usd_per_gb,3.96125,USD/GB,keepa,121,MemoryMasters NEW! 8GB 2x4GB DDR3-1600 Memory for ASUS/ASmobile M4 Motherboard M4A88TD M,Cheapest listed $/GB across the consumer Keepa basket; per-drive posting glitches removed,8.0,31.69,DDR3
2026-07-01,DRAM,DDR4 (Keepa),usd_per_gb,7.86562,USD/GB,keepa,54,OFFTEK 16GB Replacement Memory RAM Upgrade for ZOTAC ZBOX EN1060K (DDR4-17000) Desktop Mem,Cheapest listed $/GB across the consumer Keepa basket; per-drive posting glitches removed,16.0,125.85,DDR4
2026-07-01,DRAM,DDR5 (Keepa),usd_per_gb,10.23,USD/GB,keepa,131,"Crucial 64GB DDR5 RAM Kit (2x32GB), 4800MHz CL40 Laptop Memory - SODIMM 262-Pin - Compatib",Cheapest listed $/GB across the consumer Keepa basket; per-drive posting glitches removed,64.0,654.72,DDR5
2026-07-01,DRAM,DRAM cheapest (Keepa),usd_per_gb,3.96125,USD/GB,keepa,306,MemoryMasters NEW! 8GB 2x4GB DDR3-1600 Memory for ASUS/ASmobile M4 Motherboard M4A88TD M,Cheapest listed $/GB across the consumer Keepa basket; per-drive posting glitches removed,8.0,31.69,DDR3
2026-07-01,NAND,NAND cheapest (Keepa),usd_per_gb,0.08786,USD/GB,keepa,132,TICOWTEK M.2 2280 SSD PCIe NVMe 2TB Internal Solid State Drive,Cheapest listed $/GB across the consumer Keepa basket; per-drive posting glitches removed,2000.0,175.72,
2026-08-01,DRAM,DDR3 (Keepa),usd_per_gb,2.82563,USD/GB,keepa,90,OFFTEK 32GB Replacement Memory RAM Upgrade for SuperMicro Super X8DTU-LN4F+-LR (DDR3-10600,Cheapest listed $/GB across the consumer Keepa basket; per-drive posting glitches removed,32.0,90.42,DDR3
2026-08-01,DRAM,DDR4 (Keepa),usd_per_gb,6.25687,USD/GB,keepa,124,A-Tech 32GB (2 x 16GB) RAM for Intel NUC7i5BNK NUC Kit | DDR4 2133MHz PC4-17000 1.2V SODIM,Cheapest listed $/GB across the consumer Keepa basket; per-drive posting glitches removed,32.0,200.22,DDR4
2026-08-01,DRAM,DDR5 (Keepa),usd_per_gb,10.30312,USD/GB,keepa,239,16GB DDR5 4800MHz 1Rx8 4800B for Desktop Memory,Cheapest listed $/GB across the consumer Keepa basket; per-drive posting glitches removed,16.0,164.85,DDR5
2026-08-01,DRAM,DRAM cheapest (Keepa),usd_per_gb,2.82563,USD/GB,keepa,453,OFFTEK 32GB Replacement Memory RAM Upgrade for SuperMicro Super X8DTU-LN4F+-LR (DDR3-10600,Cheapest listed $/GB across the consumer Keepa basket; per-drive posting glitches removed,32.0,90.42,DDR3
2026-08-01,NAND,NAND cheapest (Keepa),usd_per_gb,0.08999,USD/GB,keepa,122,"Crucial P3 PCIe Gen3 NVMe 1TB SSD, Up to 3,500MB/s Read, Laptop & Desktop (PC) Compatible,",Cheapest listed $/GB across the consumer Keepa basket; per-drive posting glitches removed,1000.0,89.99,PCIe Gen3
1956-06-13,HDD,McCallum HDD (historical),usd_per_gb,9200000.0,USD/GB,mccallum,1,IBM 350-1,"Historical, John C. McCallum (jcmit.net) via Internet Archive",0.00375,34500.0,
1959-06-14,HDD,McCallum HDD (historical),usd_per_gb,7600000.0,USD/GB,mccallum,1,IBM 350-3,"Historical, John C. McCallum (jcmit.net) via Internet Archive",0.0075,57000.0,
1960-01-01,HDD,McCallum HDD (historical),usd_per_gb,3600000.0,USD/GB,mccallum,1,IBM 1405-1,"Historical, John C. McCallum (jcmit.net) via Internet Archive",0.01,36000.0,
1964-01-01,HDD,McCallum HDD (historical),usd_per_gb,3518620.0,USD/GB,mccallum,1,IBM 2311-1,"Historical, John C. McCallum (jcmit.net) via Internet Archive",0.00725,25510.0,
1966-01-01,HDD,McCallum HDD (historical),usd_per_gb,1047260.0,USD/GB,mccallum,1,IBM 2314,"Historical, John C. McCallum (jcmit.net) via Internet Archive",0.029176,30555.0,
1970-01-01,HDD,McCallum HDD (historical),usd_per_gb,259700.0,USD/GB,mccallum,1,IBM 3330-1,"Historical, John C. McCallum (jcmit.net) via Internet Archive",0.1,25970.0,
1973-01-01,HDD,McCallum HDD (historical),usd_per_gb,2550000.0,USD/GB,mccallum,1,RK05,"Historical, John C. McCallum (jcmit.net) via Internet Archive",0.0024,6120.0,
1974-01-01,HDD,McCallum HDD (historical),usd_per_gb,185000.0,USD/GB,mccallum,1,IBM 3330-II,"Historical, John C. McCallum (jcmit.net) via Internet Archive",0.2,37000.0,
1982-01-01,HDD,McCallum HDD (historical),usd_per_gb,289210.0,USD/GB,mccallum,1,2x9.5MB,"Historical, John C. McCallum (jcmit.net) via Internet Archive",0.019,5495.0,
1983-01-01,HDD,McCallum HDD (historical),usd_per_gb,319000.0,USD/GB,mccallum,1,5MD HD,"Historical, John C. McCallum (jcmit.net) via Internet Archive",0.005,1595.0,
1985-01-01,HDD,McCallum HDD (historical),usd_per_gb,31390.0,USD/GB,mccallum,1,?,"Historical, John C. McCallum (jcmit.net) via Internet Archive",0.14,4395.0,
1986-01-01,HDD,McCallum HDD (historical),usd_per_gb,24450.0,USD/GB,mccallum,1,?,"Historical, John C. McCallum (jcmit.net) via Internet Archive",0.02,489.0,
1987-01-01,HDD,McCallum HDD (historical),usd_per_gb,14970.0,USD/GB,mccallum,1,?,"Historical, John C. McCallum (jcmit.net) via Internet Archive",0.03,449.0,
1988-01-01,HDD,McCallum HDD (historical),usd_per_gb,9970.0,USD/GB,mccallum,1,Seagate ST-238,"Historical, John C. McCallum (jcmit.net) via Internet Archive",0.03,299.0,RLL
1989-01-01,HDD,McCallum HDD (historical),usd_per_gb,7480.0,USD/GB,mccallum,1,Seagate ST-277,"Historical, John C. McCallum (jcmit.net) via Internet Archive",0.06,449.0,RLL
1990-01-01,HDD,McCallum HDD (historical),usd_per_gb,5280.0,USD/GB,mccallum,1,Miniscribe M9380E,"Historical, John C. McCallum (jcmit.net) via Internet Archive",0.34,1795.0,
1990-03-04,HDD,McCallum HDD (historical),usd_per_gb,4080.0,USD/GB,mccallum,1,Micropolis MC1568,"Historical, John C. McCallum (jcmit.net) via Internet Archive",0.66,2695.0,
1990-07-02,HDD,McCallum HDD (historical),usd_per_gb,3270.0,USD/GB,mccallum,1,Imprimis,"Historical, John C. McCallum (jcmit.net) via Internet Archive",0.702,2295.0,
1990-10-02,HDD,McCallum HDD (historical),usd_per_gb,5220.0,USD/GB,mccallum,1,Seagate ST227R-1,"Historical, John C. McCallum (jcmit.net) via Internet Archive",0.065,339.0,RLL
1991-01-01,HDD,McCallum HDD (historical),usd_per_gb,4250.0,USD/GB,mccallum,1,Connor,"Historical, John C. McCallum (jcmit.net) via Internet Archive",0.2,849.0,
1991-03-04,HDD,McCallum HDD (historical),usd_per_gb,3070.0,USD/GB,mccallum,1,Maxtor 8760E,"Historical, John C. McCallum (jcmit.net) via Internet Archive",0.65,1994.0,
1991-07-02,HDD,McCallum HDD (historical),usd_per_gb,2800.0,USD/GB,mccallum,1,Maxtor XT8760E,"Historical, John C. McCallum (jcmit.net) via Internet Archive",0.676,1895.0,
1991-10-02,HDD,McCallum HDD (historical),usd_per_gb,2790.0,USD/GB,mccallum,1,Seagate ST1144A,"Historical, John C. McCallum (jcmit.net) via Internet Archive",0.125,349.0,IDE
1992-01-01,HDD,McCallum HDD (historical),usd_per_gb,1960.0,USD/GB,mccallum,1,Maxtor,"Historical, John C. McCallum (jcmit.net) via Internet Archive",1.02,1995.0,
1992-03-03,HDD,McCallum HDD (historical),usd_per_gb,1960.0,USD/GB,mccallum,1,Maxtor,"Historical, John C. McCallum (jcmit.net) via Internet Archive",1.02,1995.0,SCSI
1992-07-01,HDD,McCallum HDD (historical),usd_per_gb,1620.0,USD/GB,mccallum,1,Seagate WREN,"Historical, John C. McCallum (jcmit.net) via Internet Archive",1.2,1949.0,
1992-10-01,HDD,McCallum HDD (historical),usd_per_gb,1400.0,USD/GB,mccallum,1,Fujitsu,"Historical, John C. McCallum (jcmit.net) via Internet Archive",2.0,2799.0,
1993-01-01,HDD,McCallum HDD (historical),usd_per_gb,1330.0,USD/GB,mccallum,1,Micropolis MC1528-15 MC1528-15,"Historical, John C. McCallum (jcmit.net) via Internet Archive",1.35,1799.0,
1993-03-04,HDD,McCallum HDD (historical),usd_per_gb,1150.0,USD/GB,mccallum,1,Maxtor MX1175,"Historical, John C. McCallum (jcmit.net) via Internet Archive",1.5,1729.0,SCSI
1993-07-02,HDD,McCallum HDD (historical),usd_per_gb,973.0,USD/GB,mccallum,1,Maxtor P117,"Historical, John C. McCallum (jcmit.net) via Internet Archive",1.5,1459.0,SCSI
1993-10-02,HDD,McCallum HDD (historical),usd_per_gb,718.0,USD/GB,mccallum,1,Micropolis MC1528,"Historical, John C. McCallum (jcmit.net) via Internet Archive",1.35,969.0,SCSI
1994-01-01,HDD,McCallum HDD (historical),usd_per_gb,579.0,USD/GB,mccallum,1,DEC DSP5200,"Historical, John C. McCallum (jcmit.net) via Internet Archive",2.0,1158.0,SCSI
1994-03-04,HDD,McCallum HDD (historical),usd_per_gb,657.0,USD/GB,mccallum,1,Micropolis MC1936,"Historical, John C. McCallum (jcmit.net) via Internet Archive",3.3,2169.0,SCSI
1994-07-02,HDD,McCallum HDD (historical),usd_per_gb,536.0,USD/GB,mccallum,1,Quantum PD1088S,"Historical, John C. McCallum (jcmit.net) via Internet Archive",1.8,964.0,SCSI
1994-10-02,HDD,McCallum HDD (historical),usd_per_gb,433.0,USD/GB,mccallum,1,Seagate ST410800N,"Historical, John C. McCallum (jcmit.net) via Internet Archive",9.0,3899.0,SCSI
1995-01-01,HDD,McCallum HDD (historical),usd_per_gb,267.0,USD/GB,mccallum,1,Seagate ST410800N,"Historical, John C. McCallum (jcmit.net) via Internet Archive",9.0,2399.0,SCSI
1995-03-04,HDD,McCallum HDD (historical),usd_per_gb,339.0,USD/GB,mccallum,1,Conner CFP4207S,"Historical, John C. McCallum (jcmit.net) via Internet Archive",4.2,1425.0,SCSI
1995-07-02,HDD,McCallum HDD (historical),usd_per_gb,248.0,USD/GB,mccallum,1,Micropolis MC191AV,"Historical, John C. McCallum (jcmit.net) via Internet Archive",9.1,2259.0,SCSI
1995-10-02,HDD,McCallum HDD (historical),usd_per_gb,214.0,USD/GB,mccallum,1,Conner CP1275,"Historical, John C. McCallum (jcmit.net) via Internet Archive",1.3,278.0,IDE
1996-01-01,HDD,McCallum HDD (historical),usd_per_gb,204.0,USD/GB,mccallum,1,Samsung SA31274A,"Historical, John C. McCallum (jcmit.net) via Internet Archive",1.27,259.0,IDE
1996-03-03,HDD,McCallum HDD (historical),usd_per_gb,192.0,USD/GB,mccallum,1,Conner CFS1275,"Historical, John C. McCallum (jcmit.net) via Internet Archive",1.3,249.0,IDE
1996-07-01,HDD,McCallum HDD (historical),usd_per_gb,128.0,USD/GB,mccallum,1,Quantum BF2500A,"Historical, John C. McCallum (jcmit.net) via Internet Archive",2.5,319.0,IDE
1996-10-01,HDD,McCallum HDD (historical),usd_per_gb,138.0,USD/GB,mccallum,1,Maxtor 2.0GB,"Historical, John C. McCallum (jcmit.net) via Internet Archive",2.0,276.0,IDE
1997-01-01,HDD,McCallum HDD (historical),usd_per_gb,138.0,USD/GB,mccallum,1,Maxtor 2.0GB,"Historical, John C. McCallum (jcmit.net) via Internet Archive",2.0,276.0,IDE
1997-03-04,HDD,McCallum HDD (historical),usd_per_gb,113.0,USD/GB,mccallum,1,Western Digital 3.1GB,"Historical, John C. McCallum (jcmit.net) via Internet Archive",3.1,349.0,IDE
1997-07-02,HDD,McCallum HDD (historical),usd_per_gb,56.7,USD/GB,mccallum,1,Quantum BF6510A,"Historical, John C. McCallum (jcmit.net) via Internet Archive",6.51,369.0,IDE
1997-10-02,HDD,McCallum HDD (historical),usd_per_gb,48.4,USD/GB,mccallum,1,Quantum BF6510A,"Historical, John C. McCallum (jcmit.net) via Internet Archive",6.51,315.0,IDE
1998-01-01,HDD,McCallum HDD (historical),usd_per_gb,35.3,USD/GB,mccallum,1,Quantum BF1200A,"Historical, John C. McCallum (jcmit.net) via Internet Archive",12.056,425.0,IDE
1998-03-15,HDD,McCallum HDD (historical),usd_per_gb,29.8,USD/GB,mccallum,1,Quantum BF1200A,"Historical, John C. McCallum (jcmit.net) via Internet Archive",12.056,359.0,IDE
1998-06-14,HDD,McCallum HDD (historical),usd_per_gb,29.0,USD/GB,mccallum,1,Quantum BF1200A,"Historical, John C. McCallum (jcmit.net) via Internet Archive",12.056,349.0,IDE
1998-10-02,HDD,McCallum HDD (historical),usd_per_gb,24.8,USD/GB,mccallum,1,Samsung 6.4GB,"Historical, John C. McCallum (jcmit.net) via Internet Archive",6.4,159.0,IDE
1999-02-03,HDD,McCallum HDD (historical),usd_per_gb,22.6,USD/GB,mccallum,1,IBM 16.8GB,"Historical, John C. McCallum (jcmit.net) via Internet Archive",16.8,379.98,IDE
1999-03-04,HDD,McCallum HDD (historical),usd_per_gb,18.7,USD/GB,mccallum,1,Maxtor 13.6GB,"Historical, John C. McCallum (jcmit.net) via Internet Archive",13.6,254.33,IDE
1999-07-02,HDD,McCallum HDD (historical),usd_per_gb,11.0,USD/GB,mccallum,1,Quantum 19GB Bigfoot,"Historical, John C. McCallum (jcmit.net) via Internet Archive",19.0,208.99,IDE
1999-10-02,HDD,McCallum HDD (historical),usd_per_gb,10.2,USD/GB,mccallum,1,Seagate ST317242A,"Historical, John C. McCallum (jcmit.net) via Internet Archive",17.2,175.0,IDE
1999-11-26,HDD,McCallum HDD (historical),usd_per_gb,8.8,USD/GB,mccallum,1,Seagate ST317242A,"Historical, John C. McCallum (jcmit.net) via Internet Archive",17.2,152.0,IDE
2000-01-01,HDD,McCallum HDD (historical),usd_per_gb,14.787234,USD/GB,mccallum,1,Seagate Elite 47GB,"Historical, John C. McCallum (jcmit.net) via Internet Archive",47.0,695.0,SCSI
2000-05-04,HDD,McCallum HDD (historical),usd_per_gb,7.0,USD/GB,mccallum,1,Maxtor M94098U8,"Historical, John C. McCallum (jcmit.net) via Internet Archive",40.0,279.0,IDE
2000-07-01,HDD,McCallum HDD (historical),usd_per_gb,5.85,USD/GB,mccallum,1,Maxtor M96147U8,"Historical, John C. McCallum (jcmit.net) via Internet Archive",61.4,359.0,IDE
2000-10-01,HDD,McCallum HDD (historical),usd_per_gb,4.07,USD/GB,mccallum,1,Maxtor M33073U4,"Historical, John C. McCallum (jcmit.net) via Internet Archive",30.7,125.0,IDE
2001-01-01,HDD,McCallum HDD (historical),usd_per_gb,3.85,USD/GB,mccallum,1,Maxtor M98196H8,"Historical, John C. McCallum (jcmit.net) via Internet Archive",81.9,315.0,IDE
2001-03-04,HDD,McCallum HDD (historical),usd_per_gb,3.6,USD/GB,mccallum,1,Maxtor M98196H8,"Historical, John C. McCallum (jcmit.net) via Internet Archive",81.9,295.0,IDE
2001-07-02,HDD,McCallum HDD (historical),usd_per_gb,2.75,USD/GB,mccallum,1,Western Digital WD600AB,"Historical, John C. McCallum (jcmit.net) via Internet Archive",60.0,165.0,IDE
2001-10-02,HDD,McCallum HDD (historical),usd_per_gb,2.59,USD/GB,mccallum,1,Maxtor 4W10086,"Historical, John C. McCallum (jcmit.net) via Internet Archive",100.0,259.0,IDE
2002-01-30,HDD,McCallum HDD (historical),usd_per_gb,1.86,USD/GB,mccallum,1,Maxtor 4G160H8,"Historical, John C. McCallum (jcmit.net) via Internet Archive",160.0,298.0,IDE
2002-04-02,HDD,McCallum HDD (historical),usd_per_gb,1.74,USD/GB,mccallum,1,Maxtor 4G160J8,"Historical, John C. McCallum (jcmit.net) via Internet Archive",160.0,278.0,IDE
2002-05-01,HDD,McCallum HDD (historical),usd_per_gb,1.72,USD/GB,mccallum,1,Maxtor 4G160J8,"Historical, John C. McCallum (jcmit.net) via Internet Archive",160.0,275.0,IDE
2002-08-01,HDD,McCallum HDD (historical),usd_per_gb,1.66,USD/GB,mccallum,1,,"Historical, John C. McCallum (jcmit.net) via Internet Archive",120.0,199.0,
2002-10-02,HDD,McCallum HDD (historical),usd_per_gb,1.22,USD/GB,mccallum,1,IBM 07N9219,"Historical, John C. McCallum (jcmit.net) via Internet Archive",120.0,146.0,IDE
2003-03-04,HDD,McCallum HDD (historical),usd_per_gb,1.31,USD/GB,mccallum,1,Western Digital,"Historical, John C. McCallum (jcmit.net) via Internet Archive",81.9,107.0,IDE
2003-08-01,HDD,McCallum HDD (historical),usd_per_gb,1.12,USD/GB,mccallum,1,Western Digital,"Historical, John C. McCallum (jcmit.net) via Internet Archive",81.9,92.0,IDE
2003-10-02,HDD,McCallum HDD (historical),usd_per_gb,1.06,USD/GB,mccallum,1,Western Digital,"Historical, John C. McCallum (jcmit.net) via Internet Archive",81.9,87.0,IDE
2004-01-01,HDD,McCallum HDD (historical),usd_per_gb,0.925,USD/GB,mccallum,1,Seagate Barracuda,"Historical, John C. McCallum (jcmit.net) via Internet Archive",120.0,111.0,SATA-1
2004-03-03,HDD,McCallum HDD (historical),usd_per_gb,0.744,USD/GB,mccallum,1,Maxtor 7200 rpm,"Historical, John C. McCallum (jcmit.net) via Internet Archive",160.0,119.0,SATA-1
2004-04-30,HDD,McCallum HDD (historical),usd_per_gb,0.825,USD/GB,mccallum,1,Seagate ST3120026A,"Historical, John C. McCallum (jcmit.net) via Internet Archive",120.0,99.0,
2004-06-02,HDD,McCallum HDD (historical),usd_per_gb,0.879,USD/GB,mccallum,1,Western Digital 80GB 7200 rpm,"Historical, John C. McCallum (jcmit.net) via Internet Archive",81.9,72.0,
2004-07-01,HDD,McCallum HDD (historical),usd_per_gb,0.679,USD/GB,mccallum,1,Seagate 200GB,"Historical, John C. McCallum (jcmit.net) via Internet Archive",200.0,135.88,
2004-09-02,HDD,McCallum HDD (historical),usd_per_gb,0.609,USD/GB,mccallum,1,Hitachi 160GB 7200 rpm,"Historical, John C. McCallum (jcmit.net) via Internet Archive",160.0,97.5,SATA-1
2005-04-02,HDD,McCallum HDD (historical),usd_per_gb,0.876,USD/GB,mccallum,1,Maxtor external 250GB,"Historical, John C. McCallum (jcmit.net) via Internet Archive",250.0,219.0,
2005-06-03,HDD,McCallum HDD (historical),usd_per_gb,0.5,USD/GB,mccallum,1,"Western Digital 200GB, 7200 rpm","Historical, John C. McCallum (jcmit.net) via Internet Archive",200.0,99.99,IDE
2005-10-31,HDD,McCallum HDD (historical),usd_per_gb,0.623,USD/GB,mccallum,1,"Seagate 400GB, 7200.8","Historical, John C. McCallum (jcmit.net) via Internet Archive",400.0,249.2,SATA-1
2005-12-03,HDD,McCallum HDD (historical),usd_per_gb,0.406,USD/GB,mccallum,1,"Western Digital 320GB 7,200 rpm, 8MB","Historical, John C. McCallum (jcmit.net) via Internet Archive",320.0,130.0,
2006-05-01,HDD,McCallum HDD (historical),usd_per_gb,0.324,USD/GB,mccallum,1,"Maxtor 250GB 7,200 rpm, 16MB","Historical, John C. McCallum (jcmit.net) via Internet Archive",250.0,80.97,SATA-1
2006-09-03,HDD,McCallum HDD (historical),usd_per_gb,0.219,USD/GB,mccallum,1,"Western Digital 320GB 7,200 rpm, 8MB","Historical, John C. McCallum (jcmit.net) via Internet Archive",320.0,69.99,SATA-1
2006-10-31,HDD,McCallum HDD (historical),usd_per_gb,0.264,USD/GB,mccallum,1,"Western Digital 250GB 7,200 rpm, 16MB","Historical, John C. McCallum (jcmit.net) via Internet Archive",250.0,65.93,SATA-1
2007-01-01,HDD,McCallum HDD (historical),usd_per_gb,0.28,USD/GB,mccallum,1,"Western Digital 320GB 7,200 rpm, 8MB","Historical, John C. McCallum (jcmit.net) via Internet Archive",250.0,69.99,SATA-2
2007-03-04,HDD,McCallum HDD (historical),usd_per_gb,0.265,USD/GB,mccallum,1,"Western Digital 400GB 7,200 rpm, 16MB","Historical, John C. McCallum (jcmit.net) via Internet Archive",400.0,105.93,SATA-2
2007-05-01,HDD,McCallum HDD (historical),usd_per_gb,0.25,USD/GB,mccallum,1,"Seagate 320GB 7,200 rpm, 16MB","Historical, John C. McCallum (jcmit.net) via Internet Archive",320.0,79.99,SATA-2
2007-07-02,HDD,McCallum HDD (historical),usd_per_gb,0.212,USD/GB,mccallum,1,"Samsung 400GB 7,200 rpm, 16MB","Historical, John C. McCallum (jcmit.net) via Internet Archive",400.0,84.99,SATA-2
2007-09-03,HDD,McCallum HDD (historical),usd_per_gb,0.21,USD/GB,mccallum,1,"Western Digital 500GB 7,200 rpm, 8MB","Historical, John C. McCallum (jcmit.net) via Internet Archive",500.0,104.99,SATA-2
2007-10-02,HDD,McCallum HDD (historical),usd_per_gb,0.21,USD/GB,mccallum,1,"Western Digital 500GB 7,200 rpm, 8MB","Historical, John C. McCallum (jcmit.net) via Internet Archive",500.0,104.99,SATA-2
2007-10-31,HDD,McCallum HDD (historical),usd_per_gb,0.2,USD/GB,mccallum,1,"Western Digital 500GB 7,200 rpm, 8MB","Historical, John C. McCallum (jcmit.net) via Internet Archive",500.0,99.99,SATA-2
2007-12-03,HDD,McCallum HDD (historical),usd_per_gb,0.21,USD/GB,mccallum,1,"Western Digital 500GB 7,200 rpm, 16MB","Historical, John C. McCallum (jcmit.net) via Internet Archive",500.0,104.99,SATA-2
2008-01-01,HDD,McCallum HDD (historical),usd_per_gb,0.2,USD/GB,mccallum,1,"Western Digital 500GB 7,200 rpm, 8MB","Historical, John C. McCallum (jcmit.net) via Internet Archive",500.0,99.99,SATA-2
2008-01-30,HDD,McCallum HDD (historical),usd_per_gb,0.2,USD/GB,mccallum,1,"Western Digital 500GB 7,200 rpm, 16MB","Historical, John C. McCallum (jcmit.net) via Internet Archive",500.0,99.99,SATA-2
2008-04-30,HDD,McCallum HDD (historical),usd_per_gb,0.18,USD/GB,mccallum,1,"Samsung 500GB 7,200 rpm, 16MB","Historical, John C. McCallum (jcmit.net) via Internet Archive",500.0,89.99,SATA-2
2008-07-01,HDD,McCallum HDD (historical),usd_per_gb,0.15,USD/GB,mccallum,1,"Western Digital 500GB 7,200 rpm, 16MB","Historical, John C. McCallum (jcmit.net) via Internet Archive",500.0,74.99,SATA-2
2008-07-31,HDD,McCallum HDD (historical),usd_per_gb,0.133,USD/GB,mccallum,1,"Western Digital 640GB 7,200 rpm, 16MB","Historical, John C. McCallum (jcmit.net) via Internet Archive",640.0,84.99,SATA-2
2008-09-02,HDD,McCallum HDD (historical),usd_per_gb,0.133,USD/GB,mccallum,1,"Western Digital 640GB 7,200 rpm, 16MB","Historical, John C. McCallum (jcmit.net) via Internet Archive",640.0,84.99,SATA-2
2008-10-30,HDD,McCallum HDD (historical),usd_per_gb,0.117,USD/GB,mccallum,1,"Western Digital 640GB 7,200 rpm, 16MB","Historical, John C. McCallum (jcmit.net) via Internet Archive",640.0,74.99,SATA-2
2008-12-02,HDD,McCallum HDD (historical),usd_per_gb,0.1,USD/GB,mccallum,1,"Western Digital 1TB 7,200 rpm, 16MB","Historical, John C. McCallum (jcmit.net) via Internet Archive",1000.0,99.99,SATA-2
2009-01-01,HDD,McCallum HDD (historical),usd_per_gb,0.0933,USD/GB,mccallum,1,"Western Digital 750GB 7,200 rpm*, 16MB","Historical, John C. McCallum (jcmit.net) via Internet Archive",750.0,69.99,SATA-2
2009-01-30,HDD,McCallum HDD (historical),usd_per_gb,0.088,USD/GB,mccallum,1,"Hitachi 1TB 7,200 rpm, 16MB","Historical, John C. McCallum (jcmit.net) via Internet Archive",1000.0,87.99,SATA-2
2009-04-02,HDD,McCallum HDD (historical),usd_per_gb,0.09,USD/GB,mccallum,1,"Seagate 1TB 7,200 rpm, 32MB","Historical, John C. McCallum (jcmit.net) via Internet Archive",1000.0,89.99,SATA-2
2009-06-03,HDD,McCallum HDD (historical),usd_per_gb,0.0867,USD/GB,mccallum,1,"Seagate 1.5TB 7,200 rpm, 32MB","Historical, John C. McCallum (jcmit.net) via Internet Archive",1500.0,129.99,SATA-2
2009-07-02,HDD,McCallum HDD (historical),usd_per_gb,0.09,USD/GB,mccallum,1,"Seagate 1TB 7,200 rpm, 32MB","Historical, John C. McCallum (jcmit.net) via Internet Archive",1000.0,89.99,SATA-2
2009-08-01,HDD,McCallum HDD (historical),usd_per_gb,0.075,USD/GB,mccallum,1,"Hitachi 1TB 7,200 rpm, 16MB","Historical, John C. McCallum (jcmit.net) via Internet Archive",1000.0,74.99,SATA-2
2009-10-02,HDD,McCallum HDD (historical),usd_per_gb,0.08,USD/GB,mccallum,1,"Hitachi 1TB 7,200 rpm, 16MB","Historical, John C. McCallum (jcmit.net) via Internet Archive",1000.0,79.99,SATA-2
2009-12-03,HDD,McCallum HDD (historical),usd_per_gb,0.07,USD/GB,mccallum,1,"Hitachi 1TB 7,200 rpm, 32MB","Historical, John C. McCallum (jcmit.net) via Internet Archive",1000.0,69.99,SATA-2
2010-01-01,HDD,McCallum HDD (historical),usd_per_gb,0.0733,USD/GB,mccallum,1,"Seagate 1.5TB 5,900 rpm, 32MB","Historical, John C. McCallum (jcmit.net) via Internet Archive",1500.0,109.99,SATA-2
2010-01-30,HDD,McCallum HDD (historical),usd_per_gb,0.0733,USD/GB,mccallum,1,"Western Digital 1.5TB green rpm, 64MB","Historical, John C. McCallum (jcmit.net) via Internet Archive",1500.0,109.99,SATA-2
2010-03-04,HDD,McCallum HDD (historical),usd_per_gb,0.08,USD/GB,mccallum,1,"Hitachi 1TB 7,200 rpm, 32MB","Historical, John C. McCallum (jcmit.net) via Internet Archive",1000.0,79.99,SATA-2
2010-05-01,HDD,McCallum HDD (historical),usd_per_gb,0.075,USD/GB,mccallum,1,"Hitachi 1TB 7,200 rpm, 32MB","Historical, John C. McCallum (jcmit.net) via Internet Archive",1000.0,74.99,SATA-2
2010-07-02,HDD,McCallum HDD (historical),usd_per_gb,0.055,USD/GB,mccallum,1,"Seagate 2TB 5,900 rpm, 32MB","Historical, John C. McCallum (jcmit.net) via Internet Archive",2000.0,109.99,SATA-2
2010-08-01,HDD,McCallum HDD (historical),usd_per_gb,0.055,USD/GB,mccallum,1,"Seagate 2TB 5,900 rpm, 32MB","Historical, John C. McCallum (jcmit.net) via Internet Archive",2000.0,109.99,SATA-2
2010-10-02,HDD,McCallum HDD (historical),usd_per_gb,0.05,USD/GB,mccallum,1,"Western Digital 2TB green rpm, 64MB","Historical, John C. McCallum (jcmit.net) via Internet Archive",2000.0,99.99,SATA-2
2010-10-31,HDD,McCallum HDD (historical),usd_per_gb,0.05,USD/GB,mccallum,1,"Seagate 2TB 5,900 rpm, 32MB","Historical, John C. McCallum (jcmit.net) via Internet Archive",2000.0,99.99,SATA-2
2010-12-03,HDD,McCallum HDD (historical),usd_per_gb,0.045,USD/GB,mccallum,1,"Seagate 2TB 5,900 rpm, 32MB","Historical, John C. McCallum (jcmit.net) via Internet Archive",2000.0,89.99,SATA-2
2011-01-01,HDD,McCallum HDD (historical),usd_per_gb,0.04,USD/GB,mccallum,1,"Seagate 2TB 5,900 rpm, 32MB","Historical, John C. McCallum (jcmit.net) via Internet Archive",2000.0,79.99,SATA-2
2011-01-30,HDD,McCallum HDD (historical),usd_per_gb,0.04,USD/GB,mccallum,1,"Seagate 2TB 5,900 rpm, 32MB","Historical, John C. McCallum (jcmit.net) via Internet Archive",2000.0,79.99,SATA-2
2011-05-01,HDD,McCallum HDD (historical),usd_per_gb,0.04,USD/GB,mccallum,1,"Western Digital 2TB 5,900 rpm, 64MB","Historical, John C. McCallum (jcmit.net) via Internet Archive",2000.0,79.99,SATA-2
2011-06-03,HDD,McCallum HDD (historical),usd_per_gb,0.0367,USD/GB,mccallum,1,"Western Digital 1.5TB 5,900 rpm, 64MB","Historical, John C. McCallum (jcmit.net) via Internet Archive",1500.0,54.99,SATA-2
2011-09-03,HDD,McCallum HDD (historical),usd_per_gb,0.04,USD/GB,mccallum,1,"Western Digital 1.5TB 5,900 rpm, 64MB","Historical, John C. McCallum (jcmit.net) via Internet Archive",1500.0,59.99,SATA-2
2011-10-02,HDD,McCallum HDD (historical),usd_per_gb,0.04,USD/GB,mccallum,1,"Samsung 2TB 5,400 rpm, 32MB","Historical, John C. McCallum (jcmit.net) via Internet Archive",2000.0,79.99,SATA-2
2012-01-01,HDD,McCallum HDD (historical),usd_per_gb,0.0786,USD/GB,mccallum,1,"Seagate 2TB 5,900 rpm, 64MB","Historical, John C. McCallum (jcmit.net) via Internet Archive",2000.0,157.27,SATA-3
2012-01-30,HDD,McCallum HDD (historical),usd_per_gb,0.0701,USD/GB,mccallum,1,"Hitachi 3TB 5,400 rpm, 32MB","Historical, John C. McCallum (jcmit.net) via Internet Archive",3000.0,237.27,SATA-3
2012-04-01,HDD,McCallum HDD (historical),usd_per_gb,0.0646,USD/GB,mccallum,1,"Western Digital 3TB, green, 64MB","Historical, John C. McCallum (jcmit.net) via Internet Archive",3000.0,193.85,SATA-3
2012-04-30,HDD,McCallum HDD (historical),usd_per_gb,0.06,USD/GB,mccallum,1,"Western Digital 2TB, green, 64MB","Historical, John C. McCallum (jcmit.net) via Internet Archive",2000.0,119.99,SATA-3
2012-07-31,HDD,McCallum HDD (historical),usd_per_gb,0.0531,USD/GB,mccallum,1,"Seagate 3TB 7,200 rpm, 64MB","Historical, John C. McCallum (jcmit.net) via Internet Archive",3000.0,159.27,SATA-3
2012-08-14,HDD,McCallum HDD (historical),usd_per_gb,0.05,USD/GB,mccallum,1,"Seagate 3TB 7,200 rpm, 64MB","Historical, John C. McCallum (jcmit.net) via Internet Archive",3000.0,149.99,SATA-3
2013-01-01,HDD,McCallum HDD (historical),usd_per_gb,0.055,USD/GB,mccallum,1,"Toshiba 2TB 7,200 rpm, 64MB","Historical, John C. McCallum (jcmit.net) via Internet Archive",2000.0,109.99,SATA-3
2013-01-30,HDD,McCallum HDD (historical),usd_per_gb,0.0467,USD/GB,mccallum,1,"Seagate 3TB 7,200 rpm, 64MB","Historical, John C. McCallum (jcmit.net) via Internet Archive",3000.0,139.99,SATA-3
2013-05-01,HDD,McCallum HDD (historical),usd_per_gb,0.0433,USD/GB,mccallum,1,"Toshiba 3TB 7,200 rpm, 64MB","Historical, John C. McCallum (jcmit.net) via Internet Archive",3000.0,129.99,SATA-3
2013-06-03,HDD,McCallum HDD (historical),usd_per_gb,0.045,USD/GB,mccallum,1,"Seagate 4TB 7,200 rpm, 64MB","Historical, John C. McCallum (jcmit.net) via Internet Archive",4000.0,179.99,SATA-3
2013-08-01,HDD,McCallum HDD (historical),usd_per_gb,0.045,USD/GB,mccallum,1,"Seagate 3TB 7,200 rpm, 64MB","Historical, John C. McCallum (jcmit.net) via Internet Archive",3000.0,134.99,SATA-3
2013-08-15,HDD,McCallum HDD (historical),usd_per_gb,0.0433,USD/GB,mccallum,1,"Toshiba 3TB 7,200 rpm, 64MB","Historical, John C. McCallum (jcmit.net) via Internet Archive",3000.0,129.99,SATA-3
2013-10-02,HDD,McCallum HDD (historical),usd_per_gb,0.043,USD/GB,mccallum,1,"Western Digital 3TB Green, 64MB","Historical, John C. McCallum (jcmit.net) via Internet Archive",3000.0,128.99,SATA-3
2013-10-31,HDD,McCallum HDD (historical),usd_per_gb,0.04,USD/GB,mccallum,1,"Seagate 3TB 7,200 rpm, 64MB","Historical, John C. McCallum (jcmit.net) via Internet Archive",3000.0,119.99,SATA-3
2013-12-03,HDD,McCallum HDD (historical),usd_per_gb,0.04,USD/GB,mccallum,1,"Seagate 3TB 7,200 rpm, 64MB","Historical, John C. McCallum (jcmit.net) via Internet Archive",3000.0,119.99,SATA-3
2014-01-30,HDD,McCallum HDD (historical),usd_per_gb,0.0367,USD/GB,mccallum,1,"Toshiba 3TB 7,200 rpm, 64MB","Historical, John C. McCallum (jcmit.net) via Internet Archive",3000.0,109.99,SATA-3
2014-03-04,HDD,McCallum HDD (historical),usd_per_gb,0.0367,USD/GB,mccallum,1,"Seagate 3TB 7,200 rpm, 64MB","Historical, John C. McCallum (jcmit.net) via Internet Archive",3000.0,109.99,SATA-3
2014-04-02,HDD,McCallum HDD (historical),usd_per_gb,0.0367,USD/GB,mccallum,1,"Seagate 3TB 7,200 rpm, 64MB","Historical, John C. McCallum (jcmit.net) via Internet Archive",3000.0,109.99,SATA-3
2014-06-03,HDD,McCallum HDD (historical),usd_per_gb,0.035,USD/GB,mccallum,1,"Seagate 3TB 7,200 rpm, 64MB","Historical, John C. McCallum (jcmit.net) via Internet Archive",3000.0,104.99,SATA-3
2014-08-01,HDD,McCallum HDD (historical),usd_per_gb,0.035,USD/GB,mccallum,1,"Western Digital 3TB Green, 64MB","Historical, John C. McCallum (jcmit.net) via Internet Archive",3000.0,104.99,SATA-3
2014-09-03,HDD,McCallum HDD (historical),usd_per_gb,0.035,USD/GB,mccallum,1,"Seagate 3TB 7,200 rpm, 64MB","Historical, John C. McCallum (jcmit.net) via Internet Archive",3000.0,104.99,SATA-3
2014-10-31,HDD,McCallum HDD (historical),usd_per_gb,0.0362,USD/GB,mccallum,1,"Seagate 4TB 5,900 rpm, 64MB","Historical, John C. McCallum (jcmit.net) via Internet Archive",4000.0,144.99,SATA-3
2015-01-01,HDD,McCallum HDD (historical),usd_per_gb,0.0333,USD/GB,mccallum,1,"Toshiba 3TB 7,200 rpm, 64MB","Historical, John C. McCallum (jcmit.net) via Internet Archive",3000.0,99.99,SATA-3
2015-01-30,HDD,McCallum HDD (historical),usd_per_gb,0.0327,USD/GB,mccallum,1,"Toshiba 3TB 7,200 rpm, 64MB","Historical, John C. McCallum (jcmit.net) via Internet Archive",3000.0,97.99,SATA-3
2015-04-02,HDD,McCallum HDD (historical),usd_per_gb,0.0283,USD/GB,mccallum,1,"Seagate 3TB 7,200 rpm, 64MB","Historical, John C. McCallum (jcmit.net) via Internet Archive",3000.0,84.99,SATA-3
2015-05-01,HDD,McCallum HDD (historical),usd_per_gb,0.0317,USD/GB,mccallum,1,"Toshiba 3TB 7,200 rpm, 64MB","Historical, John C. McCallum (jcmit.net) via Internet Archive",3000.0,94.99,SATA-3
2015-07-02,HDD,McCallum HDD (historical),usd_per_gb,0.03,USD/GB,mccallum,1,"Seagate 3TB 7,200 rpm, 64MB","Historical, John C. McCallum (jcmit.net) via Internet Archive",3000.0,89.99,SATA-3
2015-08-01,HDD,McCallum HDD (historical),usd_per_gb,0.029,USD/GB,mccallum,1,"Toshiba 5TB 7,200 rpm, 128MB","Historical, John C. McCallum (jcmit.net) via Internet Archive",5000.0,149.99,SATA-3
2015-09-03,HDD,McCallum HDD (historical),usd_per_gb,0.03,USD/GB,mccallum,1,"Seagate 3TB 7,200 rpm, 64MB","Historical, John C. McCallum (jcmit.net) via Internet Archive",3000.0,89.99,SATA-3
2015-10-02,HDD,McCallum HDD (historical),usd_per_gb,0.03,USD/GB,mccallum,1,"Seagate 3TB 7,200 rpm, 64MB","Historical, John C. McCallum (jcmit.net) via Internet Archive",3000.0,89.99,SATA-3
2015-10-31,HDD,McCallum HDD (historical),usd_per_gb,0.0325,USD/GB,mccallum,1,"Western Digital 4TB,WD Green 64MB","Historical, John C. McCallum (jcmit.net) via Internet Archive",4000.0,129.99,SATA-3
2015-12-03,HDD,McCallum HDD (historical),usd_per_gb,0.0283,USD/GB,mccallum,1,"Seagate 3TB 7,200 rpm, 64MB","Historical, John C. McCallum (jcmit.net) via Internet Archive",3000.0,84.99,SATA-3
2016-01-30,HDD,McCallum HDD (historical),usd_per_gb,0.0312,USD/GB,mccallum,1,"Seagate 4TB 5,900 rpm, 64MB","Historical, John C. McCallum (jcmit.net) via Internet Archive",4000.0,124.99,SATA-3
2016-04-01,HDD,McCallum HDD (historical),usd_per_gb,0.0277,USD/GB,mccallum,1,"Seagate 8TB Archive, 128B","Historical, John C. McCallum (jcmit.net) via Internet Archive",8000.0,221.63,SATA-3
2016-04-30,HDD,McCallum HDD (historical),usd_per_gb,0.03,USD/GB,mccallum,1,"Seagate 4TB 5,900 rpm, 64MB","Historical, John C. McCallum (jcmit.net) via Internet Archive",4000.0,119.95,SATA-3
2016-06-02,HDD,McCallum HDD (historical),usd_per_gb,0.0283,USD/GB,mccallum,1,"Seagate 3TB 7,200 rpm, 64MB","Historical, John C. McCallum (jcmit.net) via Internet Archive",3000.0,84.99,SATA-3
2016-07-01,HDD,McCallum HDD (historical),usd_per_gb,0.0312,USD/GB,mccallum,1,"Seagate 4TB 5,900 rpm, 64MB","Historical, John C. McCallum (jcmit.net) via Internet Archive",4000.0,124.99,SATA-3
2016-07-31,HDD,McCallum HDD (historical),usd_per_gb,0.03,USD/GB,mccallum,1,"Seagate 4TB 5,900 rpm, 64MB","Historical, John C. McCallum (jcmit.net) via Internet Archive",4000.0,119.95,SATA-3
2016-10-01,HDD,McCallum HDD (historical),usd_per_gb,0.0293,USD/GB,mccallum,1,"Toshiba 3TB 7,200 rpm, 64MB","Historical, John C. McCallum (jcmit.net) via Internet Archive",3000.0,87.96,SATA-3
2016-10-30,HDD,McCallum HDD (historical),usd_per_gb,0.0317,USD/GB,mccallum,1,"Western Digital 3TB WD Blue 5,400 rpm, 64MB","Historical, John C. McCallum (jcmit.net) via Internet Archive",3000.0,94.99,SATA-3
2016-12-02,HDD,McCallum HDD (historical),usd_per_gb,0.0297,USD/GB,mccallum,1,"Toshiba 3TB 7,200 rpm, 64MB","Historical, John C. McCallum (jcmit.net) via Internet Archive",3000.0,88.99,SATA-3
2017-01-01,HDD,McCallum HDD (historical),usd_per_gb,0.029,USD/GB,mccallum,1,"Toshiba 3TB 7,200 rpm, 64MB","Historical, John C. McCallum (jcmit.net) via Internet Archive",3000.0,86.99,SATA-3
2017-03-04,HDD,McCallum HDD (historical),usd_per_gb,0.027,USD/GB,mccallum,1,"Toshiba 3TB 7,200 rpm, 64MB","Historical, John C. McCallum (jcmit.net) via Internet Archive",3000.0,80.99,SATA-3
2017-05-01,HDD,McCallum HDD (historical),usd_per_gb,0.03,USD/GB,mccallum,1,"Toshiba 5TB 7,200 rpm, 128MB","Historical, John C. McCallum (jcmit.net) via Internet Archive",5000.0,149.99,SATA-3
2017-06-03,HDD,McCallum HDD (historical),usd_per_gb,0.025,USD/GB,mccallum,1,"Seagate 3TB 7,200 rpm, 64MB","Historical, John C. McCallum (jcmit.net) via Internet Archive",3000.0,74.99,SATA-3
2017-07-02,HDD,McCallum HDD (historical),usd_per_gb,0.026,USD/GB,mccallum,1,"Toshiba 3TB 7,200 rpm, 64MB","Historical, John C. McCallum (jcmit.net) via Internet Archive",3000.0,77.99,SATA-3
2017-09-03,HDD,McCallum HDD (historical),usd_per_gb,0.0275,USD/GB,mccallum,1,"Western Digital 4TB 5,400 rpm, 64MB","Historical, John C. McCallum (jcmit.net) via Internet Archive",4000.0,109.99,SATA-3
2017-10-02,HDD,McCallum HDD (historical),usd_per_gb,0.026,USD/GB,mccallum,1,"Toshiba 3TB 7,200 rpm, 64MB","Historical, John C. McCallum (jcmit.net) via Internet Archive",3000.0,77.99,SATA-3
2017-12-03,HDD,McCallum HDD (historical),usd_per_gb,0.025,USD/GB,mccallum,1,"Seagate 4TB, 256MB","Historical, John C. McCallum (jcmit.net) via Internet Archive",4000.0,99.99,SATA-3
2018-01-30,HDD,McCallum HDD (historical),usd_per_gb,0.0249,USD/GB,mccallum,1,"Seagate 4TB, 64MB","Historical, John C. McCallum (jcmit.net) via Internet Archive",4000.0,99.49,SATA-3
2018-03-04,HDD,McCallum HDD (historical),usd_per_gb,0.0247,USD/GB,mccallum,1,"Weatern Digital 4TB, 7200 rpm, 64MB","Historical, John C. McCallum (jcmit.net) via Internet Archive",4000.0,98.99,SATA-3
2018-05-01,HDD,McCallum HDD (historical),usd_per_gb,0.0235,USD/GB,mccallum,1,"Seagate 4TB, 256MB","Historical, John C. McCallum (jcmit.net) via Internet Archive",4000.0,94.01,SATA-3
2018-06-03,HDD,McCallum HDD (historical),usd_per_gb,0.0234,USD/GB,mccallum,1,"Toshiba 4TB, 7200rpm, 128MB","Historical, John C. McCallum (jcmit.net) via Internet Archive",4000.0,93.49,SATA-3
2018-07-02,HDD,McCallum HDD (historical),usd_per_gb,0.0234,USD/GB,mccallum,1,"Toshiba 4TB, 7200rpm, 128MB","Historical, John C. McCallum (jcmit.net) via Internet Archive",4000.0,93.49,SATA-3
2018-08-01,HDD,McCallum HDD (historical),usd_per_gb,0.025,USD/GB,mccallum,1,"Seagate 4TB, 5400rpm, 256MB","Historical, John C. McCallum (jcmit.net) via Internet Archive",4000.0,99.97,SATA-3
2018-09-03,HDD,McCallum HDD (historical),usd_per_gb,0.0245,USD/GB,mccallum,1,"Western Digital 4TB, 5400rpm, 64MB","Historical, John C. McCallum (jcmit.net) via Internet Archive",4000.0,97.99,SATA-3
2018-10-31,HDD,McCallum HDD (historical),usd_per_gb,0.0245,USD/GB,mccallum,1,"Seagate 4TB, 5400rpm, 256MB","Historical, John C. McCallum (jcmit.net) via Internet Archive",4000.0,98.11,SATA-3
2018-12-03,HDD,McCallum HDD (historical),usd_per_gb,0.0245,USD/GB,mccallum,1,"Seagate 4TB, 5400rpm, 256MB","Historical, John C. McCallum (jcmit.net) via Internet Archive",4000.0,98.15,SATA-3
2019-01-01,HDD,McCallum HDD (historical),usd_per_gb,0.0244,USD/GB,mccallum,1,"Seagate 8TB, 5400rpm, 256MB","Historical, John C. McCallum (jcmit.net) via Internet Archive",8000.0,195.44,SATA-3
2019-01-30,HDD,McCallum HDD (historical),usd_per_gb,0.0247,USD/GB,mccallum,1,"Seagate 4TB, 5400rpm, 256MB","Historical, John C. McCallum (jcmit.net) via Internet Archive",4000.0,98.99,SATA-3
2019-03-04,HDD,McCallum HDD (historical),usd_per_gb,0.0237,USD/GB,mccallum,1,"Seagate 8TB, 5400rpm, 256MB","Historical, John C. McCallum (jcmit.net) via Internet Archive",8000.0,189.99,SATA-3
2019-04-02,HDD,McCallum HDD (historical),usd_per_gb,0.0187,USD/GB,mccallum,1,"Seagate 8TB, 5400rpm, 256MB","Historical, John C. McCallum (jcmit.net) via Internet Archive",8000.0,149.99,SATA-3
2019-05-01,HDD,McCallum HDD (historical),usd_per_gb,0.0187,USD/GB,mccallum,1,"Seagate 8TB, 5400rpm, 256MB","Historical, John C. McCallum (jcmit.net) via Internet Archive",8000.0,149.99,SATA-3
2019-06-03,HDD,McCallum HDD (historical),usd_per_gb,0.0187,USD/GB,mccallum,1,"Seagate 8TB, 5400rpm, 256MB","Historical, John C. McCallum (jcmit.net) via Internet Archive",8000.0,149.99,SATA-3
2019-07-02,HDD,McCallum HDD (historical),usd_per_gb,0.0187,USD/GB,mccallum,1,"Seagate 8TB, 5400rpm, 256MB","Historical, John C. McCallum (jcmit.net) via Internet Archive",8000.0,149.99,SATA-3
2019-08-01,HDD,McCallum HDD (historical),usd_per_gb,0.0187,USD/GB,mccallum,1,"Seagate 8TB, 5400rpm, 256MB","Historical, John C. McCallum (jcmit.net) via Internet Archive",8000.0,149.99,SATA-3
2019-09-03,HDD,McCallum HDD (historical),usd_per_gb,0.0226,USD/GB,mccallum,1,"Seagate 8TB, 5400rpm, 256MB","Historical, John C. McCallum (jcmit.net) via Internet Archive",8000.0,180.99,SATA-3
2019-10-02,HDD,McCallum HDD (historical),usd_per_gb,0.0187,USD/GB,mccallum,1,"Seagate 8TB, 5400rpm, 256MB","Historical, John C. McCallum (jcmit.net) via Internet Archive",8000.0,149.99,SATA-3
2019-10-31,HDD,McCallum HDD (historical),usd_per_gb,0.0187,USD/GB,mccallum,1,"Seagate 8TB, 5400rpm, 256MB","Historical, John C. McCallum (jcmit.net) via Internet Archive",8000.0,149.99,SATA-3
2019-12-03,HDD,McCallum HDD (historical),usd_per_gb,0.0187,USD/GB,mccallum,1,"Seagate 8TB, 5400rpm, 256MB","Historical, John C. McCallum (jcmit.net) via Internet Archive",8000.0,149.99,SATA-3
2020-01-01,HDD,McCallum HDD (historical),usd_per_gb,0.0162,USD/GB,mccallum,1,"Seagate 8TB, 5400rpm, 256MB","Historical, John C. McCallum (jcmit.net) via Internet Archive",8000.0,129.99,SATA-3
2020-01-30,HDD,McCallum HDD (historical),usd_per_gb,0.0185,USD/GB,mccallum,1,"Seagate 8TB, 5400rpm, 256MB","Historical, John C. McCallum (jcmit.net) via Internet Archive",8000.0,147.99,SATA-3
2020-03-03,HDD,McCallum HDD (historical),usd_per_gb,0.019,USD/GB,mccallum,1,"Seagate 8TB, 5400rpm, 256MB","Historical, John C. McCallum (jcmit.net) via Internet Archive",8000.0,151.99,SATA-3
2020-04-01,HDD,McCallum HDD (historical),usd_per_gb,0.0191,USD/GB,mccallum,1,"Seagate 8TB, 5400rpm, 256MB","Historical, John C. McCallum (jcmit.net) via Internet Archive",8000.0,152.99,SATA-3
2020-04-30,HDD,McCallum HDD (historical),usd_per_gb,0.0194,USD/GB,mccallum,1,"Seagate 8TB, 5400rpm, 256MB","Historical, John C. McCallum (jcmit.net) via Internet Archive",8000.0,154.99,SATA-3
2020-06-02,HDD,McCallum HDD (historical),usd_per_gb,0.0194,USD/GB,mccallum,1,"Seagate 8TB, 5400rpm, 256MB","Historical, John C. McCallum (jcmit.net) via Internet Archive",8000.0,154.99,SATA-3
2020-07-01,HDD,McCallum HDD (historical),usd_per_gb,0.0194,USD/GB,mccallum,1,"Seagate 8TB, 5400rpm, 256MB","Historical, John C. McCallum (jcmit.net) via Internet Archive",8000.0,154.99,SATA-3
2020-07-31,HDD,McCallum HDD (historical),usd_per_gb,0.0194,USD/GB,mccallum,1,"Seagate 8TB, 5400rpm, 256MB","Historical, John C. McCallum (jcmit.net) via Internet Archive",8000.0,154.99,SATA-3
2020-09-02,HDD,McCallum HDD (historical),usd_per_gb,0.0194,USD/GB,mccallum,1,"Seagate 8TB, 5400rpm, 256MB","Historical, John C. McCallum (jcmit.net) via Internet Archive",8000.0,154.99,SATA-3
2020-10-01,HDD,McCallum HDD (historical),usd_per_gb,0.0194,USD/GB,mccallum,1,"Seagate 8TB, 5400rpm, 256MB","Historical, John C. McCallum (jcmit.net) via Internet Archive",8000.0,154.99,SATA-3
2020-10-30,HDD,McCallum HDD (historical),usd_per_gb,0.0194,USD/GB,mccallum,1,"Seagate 8TB, 5400rpm, 256MB","Historical, John C. McCallum (jcmit.net) via Internet Archive",8000.0,154.99,SATA-3
2020-12-02,HDD,McCallum HDD (historical),usd_per_gb,0.0194,USD/GB,mccallum,1,"Seagate 8TB, 5400rpm, 256MB","Historical, John C. McCallum (jcmit.net) via Internet Archive",8000.0,154.99,SATA-3
2021-01-30,HDD,McCallum HDD (historical),usd_per_gb,0.0194,USD/GB,mccallum,1,"Seagate 8TB, 5400rpm, 256MB","Historical, John C. McCallum (jcmit.net) via Internet Archive",8000.0,154.99,SATA-3
2021-04-02,HDD,McCallum HDD (historical),usd_per_gb,0.0187,USD/GB,mccallum,1,"Seagate 4TB, 5400rpm, 256MB","Historical, John C. McCallum (jcmit.net) via Internet Archive",4000.0,74.99,SATA-3
2021-05-01,HDD,McCallum HDD (historical),usd_per_gb,0.0212,USD/GB,mccallum,1,"Western Digital 4TB, 5400rpm, 256MB","Historical, John C. McCallum (jcmit.net) via Internet Archive",4000.0,84.99,SATA-3
2021-07-02,HDD,McCallum HDD (historical),usd_per_gb,0.02,USD/GB,mccallum,1,"Western Digital 4TB, 5400rpm, 256MB","Historical, John C. McCallum (jcmit.net) via Internet Archive",4000.0,79.99,SATA-3
2021-08-01,HDD,McCallum HDD (historical),usd_per_gb,0.0233,USD/GB,mccallum,1,"Toshiba 12TB, 7200rpm, 256MB","Historical, John C. McCallum (jcmit.net) via Internet Archive",12000.0,279.99,SATA-3
2021-09-03,HDD,McCallum HDD (historical),usd_per_gb,0.0182,USD/GB,mccallum,1,"Western Digital 4TB, 5400rpm, 256MB","Historical, John C. McCallum (jcmit.net) via Internet Archive",4000.0,72.99,SATA-3
2021-10-02,HDD,McCallum HDD (historical),usd_per_gb,0.0175,USD/GB,mccallum,1,"Western Digital 4TB, 5400rpm, 256MB","Historical, John C. McCallum (jcmit.net) via Internet Archive",4000.0,69.99,SATA-3
2021-12-03,HDD,McCallum HDD (historical),usd_per_gb,0.0162,USD/GB,mccallum,1,"Western Digital 4TB, 5400rpm, 256MB","Historical, John C. McCallum (jcmit.net) via Internet Archive",4000.0,64.99,SATA-3
2022-01-01,HDD,McCallum HDD (historical),usd_per_gb,0.0162,USD/GB,mccallum,1,"Western Digital 4TB, 5400rpm, 256MB","Historical, John C. McCallum (jcmit.net) via Internet Archive",4000.0,64.99,SATA-3
2022-01-30,HDD,McCallum HDD (historical),usd_per_gb,0.0162,USD/GB,mccallum,1,"Western Digital 4TB, 5400rpm, 256MB","Historical, John C. McCallum (jcmit.net) via Internet Archive",4000.0,64.99,SATA-3
2022-03-04,HDD,McCallum HDD (historical),usd_per_gb,0.015,USD/GB,mccallum,1,"Western Digital 4TB, 5400rpm, 256MB","Historical, John C. McCallum (jcmit.net) via Internet Archive",4000.0,59.99,SATA-3
2022-04-02,HDD,McCallum HDD (historical),usd_per_gb,0.0162,USD/GB,mccallum,1,"Western Digital 8TB, 5640rpm, 128MB","Historical, John C. McCallum (jcmit.net) via Internet Archive",8000.0,129.99,SATA-3
2022-05-01,HDD,McCallum HDD (historical),usd_per_gb,0.0162,USD/GB,mccallum,1,"Western Digital 8TB, 5640rpm, 128MB","Historical, John C. McCallum (jcmit.net) via Internet Archive",8000.0,129.99,SATA-3
2022-06-03,HDD,McCallum HDD (historical),usd_per_gb,0.0162,USD/GB,mccallum,1,"Western Digital 4TB, 5400rpm, 256MB","Historical, John C. McCallum (jcmit.net) via Internet Archive",4000.0,64.99,SATA-3
2022-08-01,HDD,McCallum HDD (historical),usd_per_gb,0.0143,USD/GB,mccallum,1,"Seagate 14TB, 7200rpm, 256MB","Historical, John C. McCallum (jcmit.net) via Internet Archive",14000.0,199.99,SATA-3
2022-09-03,HDD,McCallum HDD (historical),usd_per_gb,0.015,USD/GB,mccallum,1,"Western Digital 8TB, 5640rpm, 128MB","Historical, John C. McCallum (jcmit.net) via Internet Archive",8000.0,119.99,SATA-3
2022-10-02,HDD,McCallum HDD (historical),usd_per_gb,0.015,USD/GB,mccallum,1,"Western Digital 8TB, 5640rpm, 128MB","Historical, John C. McCallum (jcmit.net) via Internet Archive",8000.0,119.99,SATA-3
2022-10-31,HDD,McCallum HDD (historical),usd_per_gb,0.015,USD/GB,mccallum,1,"Western Digital 6TB, 5400rpm, 256MB","Historical, John C. McCallum (jcmit.net) via Internet Archive",6000.0,89.99,SATA-3
2022-12-03,HDD,McCallum HDD (historical),usd_per_gb,0.015,USD/GB,mccallum,1,"Western Digital 6TB, 5400rpm, 256MB","Historical, John C. McCallum (jcmit.net) via Internet Archive",6000.0,89.99,SATA-3
2023-01-01,HDD,McCallum HDD (historical),usd_per_gb,0.015,USD/GB,mccallum,1,"Seagate 8TB, 5400rpm, 256MB","Historical, John C. McCallum (jcmit.net) via Internet Archive",8000.0,119.99,SATA-3
2023-01-30,HDD,McCallum HDD (historical),usd_per_gb,0.015,USD/GB,mccallum,1,"Seagate 8TB, 7200rpm, 256MB","Historical, John C. McCallum (jcmit.net) via Internet Archive",8000.0,119.99,SATA-3
2023-03-04,HDD,McCallum HDD (historical),usd_per_gb,0.0144,USD/GB,mccallum,1,"Seagate 8TB, 7200rpm, 256MB","Historical, John C. McCallum (jcmit.net) via Internet Archive",8000.0,114.99,SATA-3
2023-05-01,HDD,McCallum HDD (historical),usd_per_gb,0.0125,USD/GB,mccallum,1,"Western Digital 8TB, 5640rpm, 128MB","Historical, John C. McCallum (jcmit.net) via Internet Archive",8000.0,99.99,SATA-3
2023-06-03,HDD,McCallum HDD (historical),usd_per_gb,0.014,USD/GB,mccallum,1,"Western Digital 8TB, 5640rpm, 128MB","Historical, John C. McCallum (jcmit.net) via Internet Archive",8000.0,111.98,SATA-3
2023-07-02,HDD,McCallum HDD (historical),usd_per_gb,0.015,USD/GB,mccallum,1,"Seagate 8TB, 5400rpm, 256MB","Historical, John C. McCallum (jcmit.net) via Internet Archive",8000.0,119.99,SATA-3
2023-09-03,HDD,McCallum HDD (historical),usd_per_gb,0.015,USD/GB,mccallum,1,"Seagate 8TB, 5400rpm, 256MB","Historical, John C. McCallum (jcmit.net) via Internet Archive",8000.0,119.99,SATA-3
2023-10-02,HDD,McCallum HDD (historical),usd_per_gb,0.0137,USD/GB,mccallum,1,"Seagate 8TB, 5400rpm, 256MB","Historical, John C. McCallum (jcmit.net) via Internet Archive",8000.0,109.99,SATA-3
2023-10-31,HDD,McCallum HDD (historical),usd_per_gb,0.0137,USD/GB,mccallum,1,"Seagate 8TB, 5400rpm, 256MB","Historical, John C. McCallum (jcmit.net) via Internet Archive",8000.0,109.99,SATA-3
2024-01-01,HDD,McCallum HDD (historical),usd_per_gb,0.0137,USD/GB,mccallum,1,"Seagate 8TB, 5400rpm, 256MB","Historical, John C. McCallum (jcmit.net) via Internet Archive",8000.0,109.99,SATA-3
2024-02-21,HDD,McCallum HDD (historical),usd_per_gb,0.015,USD/GB,mccallum,1,"Seagate 8TB, 5400rpm, 256MB","Historical, John C. McCallum (jcmit.net) via Internet Archive",8000.0,119.98,SATA-3
2024-03-03,HDD,McCallum HDD (historical),usd_per_gb,0.0166,USD/GB,mccallum,1,"Weatern Digital 8TB, 5640rpm, 256MB","Historical, John C. McCallum (jcmit.net) via Internet Archive",8000.0,132.98,SATA-3
2024-04-30,HDD,McCallum HDD (historical),usd_per_gb,0.0162,USD/GB,mccallum,1,"Western Digital 8TB, 5640rpm, 128MB","Historical, John C. McCallum (jcmit.net) via Internet Archive",8000.0,129.99,SATA-3
2024-07-01,HDD,McCallum HDD (historical),usd_per_gb,0.014,USD/GB,mccallum,1,"Seagate 8TB, 5400rpm, 256MB","Historical, John C. McCallum (jcmit.net) via Internet Archive",8000.0,111.98,SATA-3
2024-08-01,HDD,HDD cheapest (Keepa),usd_per_gb,0.01626,USD/GB,keepa,66,Toshiba X300 18TB Performance & Gaming 3.5-Inch Internal Hard Drive - CMR SATA 6 Gb/s 7200,Cheapest listed $/GB across the consumer Keepa basket; per-drive posting glitches removed,18000.0,292.66,SATA-3
2024-09-01,HDD,HDD cheapest (Keepa),usd_per_gb,0.01556,USD/GB,keepa,72,Toshiba X300 18TB Performance & Gaming 3.5-Inch Internal Hard Drive - CMR SATA 6 Gb/s 7200,Cheapest listed $/GB across the consumer Keepa basket; per-drive posting glitches removed,18000.0,279.99,SATA-3
2024-10-01,HDD,HDD cheapest (Keepa),usd_per_gb,0.01667,USD/GB,keepa,84,"Seagate IronWolf 12TB, Interne Harde Schijf, voor RAID, 3.5"", 7200 RPM",Cheapest listed $/GB across the consumer Keepa basket; per-drive posting glitches removed,12000.0,199.99,
2024-11-01,HDD,HDD cheapest (Keepa),usd_per_gb,0.016,USD/GB,keepa,70,"Western Digital 20TB WD Red Pro NAS Internal Hard Drive HDD - 7200 RPM, SATA 6 Gb/s, CMR, ",Cheapest listed $/GB across the consumer Keepa basket; per-drive posting glitches removed,20000.0,319.99,SATA-3
2024-12-01,HDD,HDD cheapest (Keepa),usd_per_gb,0.01611,USD/GB,keepa,61,"Western Digital 18TB WD Red Pro NAS Internal Hard Drive HDD - 7200 RPM, SATA 6 Gb/s, CMR, ",Cheapest listed $/GB across the consumer Keepa basket; per-drive posting glitches removed,18000.0,289.99,SATA-3
2025-01-01,HDD,HDD cheapest (Keepa),usd_per_gb,0.01658,USD/GB,keepa,66,Toshiba X300 12TB Performance & Gaming 3.5-Inch Internal Hard Drive - CMR SATA 6 GB/s 7200,Cheapest listed $/GB across the consumer Keepa basket; per-drive posting glitches removed,12000.0,198.99,SATA-3
2025-02-01,HDD,HDD cheapest (Keepa),usd_per_gb,0.01658,USD/GB,keepa,70,Toshiba X300 12TB Performance & Gaming 3.5-Inch Internal Hard Drive - CMR SATA 6 GB/s 7200,Cheapest listed $/GB across the consumer Keepa basket; per-drive posting glitches removed,12000.0,198.99,SATA-3
2025-03-01,HDD,HDD cheapest (Keepa),usd_per_gb,0.01667,USD/GB,keepa,78,"Seagate IronWolf 12TB, Interne Harde Schijf, voor RAID, 3.5"", 7200 RPM",Cheapest listed $/GB across the consumer Keepa basket; per-drive posting glitches removed,12000.0,199.99,
2025-04-01,HDD,HDD cheapest (Keepa),usd_per_gb,0.016,USD/GB,keepa,67,Toshiba N300 10TB NAS 3.5-Inch Internal Hard Drive - CMR SATA 6 Gb/s 7200 RPM 256 MB Cache,Cheapest listed $/GB across the consumer Keepa basket; per-drive posting glitches removed,10000.0,159.99,SATA-3
2025-05-01,HDD,HDD cheapest (Keepa),usd_per_gb,0.0172,USD/GB,keepa,64,"Western Digital 20TB WD Red Pro NAS Internal Hard Drive HDD - 7200 RPM, SATA 6 Gb/s, CMR, ",Cheapest listed $/GB across the consumer Keepa basket; per-drive posting glitches removed,20000.0,344.03,SATA-3
2025-06-01,HDD,HDD cheapest (Keepa),usd_per_gb,0.01618,USD/GB,keepa,75,"Western Digital 18TB WD Red Pro NAS Internal Hard Drive HDD - 7200 RPM, SATA 6 Gb/s, CMR, ",Cheapest listed $/GB across the consumer Keepa basket; per-drive posting glitches removed,18000.0,291.33,SATA-3
2025-07-01,HDD,HDD cheapest (Keepa),usd_per_gb,0.01667,USD/GB,keepa,73,"Western Digital 12TB WD Blue Internal Hard Drive HDD - 7200 RPM, SATA 6 Gb/s, 512 MB Cache",Cheapest listed $/GB across the consumer Keepa basket; per-drive posting glitches removed,12000.0,199.99,SATA-3
2025-08-01,HDD,HDD cheapest (Keepa),usd_per_gb,0.01667,USD/GB,keepa,66,"Western Digital 12TB WD Blue Internal Hard Drive HDD - 7200 RPM, SATA 6 Gb/s, 512 MB Cache",Cheapest listed $/GB across the consumer Keepa basket; per-drive posting glitches removed,12000.0,199.99,SATA-3
2025-09-01,HDD,HDD cheapest (Keepa),usd_per_gb,0.01714,USD/GB,keepa,73,Toshiba X300 14TB Performance & Gaming 3.5-Inch Internal Hard Drive - CMR SATA 6 Gb/s 7200,Cheapest listed $/GB across the consumer Keepa basket; per-drive posting glitches removed,14000.0,239.99,SATA-3
2025-10-01,HDD,HDD cheapest (Keepa),usd_per_gb,0.01714,USD/GB,keepa,69,Toshiba X300 14TB Performance & Gaming 3.5-Inch Internal Hard Drive - CMR SATA 6 Gb/s 7200,Cheapest listed $/GB across the consumer Keepa basket; per-drive posting glitches removed,14000.0,239.99,SATA-3
2025-11-01,HDD,HDD cheapest (Keepa),usd_per_gb,0.01583,USD/GB,keepa,67,"Western Digital 12TB WD Blue Internal Hard Drive HDD - 7200 RPM, SATA 6 Gb/s, 512 MB Cache",Cheapest listed $/GB across the consumer Keepa basket; per-drive posting glitches removed,12000.0,189.99,SATA-3
2025-12-01,HDD,HDD cheapest (Keepa),usd_per_gb,0.01583,USD/GB,keepa,70,"Western Digital 12TB WD Blue Internal Hard Drive HDD - 7200 RPM, SATA 6 Gb/s, 512 MB Cache",Cheapest listed $/GB across the consumer Keepa basket; per-drive posting glitches removed,12000.0,189.99,SATA-3
2026-01-01,HDD,HDD cheapest (Keepa),usd_per_gb,0.0175,USD/GB,keepa,65,"Western Digital 12TB WD Blue Internal Hard Drive HDD - 7200 RPM, SATA 6 Gb/s, 512 MB Cache",Cheapest listed $/GB across the consumer Keepa basket; per-drive posting glitches removed,12000.0,209.99,SATA-3
2026-02-01,HDD,HDD cheapest (Keepa),usd_per_gb,0.01885,USD/GB,keepa,63,"Western Digital 26TB WD Red Pro NAS Internal Hard Drive HDD - 7200 RPM, SATA 6 Gb/s, CMR, ",Cheapest listed $/GB across the consumer Keepa basket; per-drive posting glitches removed,26000.0,489.99,SATA-3
2026-03-01,HDD,HDD cheapest (Keepa),usd_per_gb,0.0145,USD/GB,keepa,49,"Western Digital 26TB WD Red Pro NAS Internal Hard Drive HDD - 7200 RPM, SATA 6 Gb/s, CMR, ",Cheapest listed $/GB across the consumer Keepa basket; per-drive posting glitches removed,26000.0,376.99,SATA-3
2026-04-01,HDD,HDD cheapest (Keepa),usd_per_gb,0.0189,USD/GB,keepa,46,"Western Digital 24TB WD Purple Pro Surveillance HDD, SATA 6 Gb/s, 512MB Cache, 3.5"", Seria",Cheapest listed $/GB across the consumer Keepa basket; per-drive posting glitches removed,24000.0,453.69,SATA-3
2026-05-01,HDD,HDD cheapest (Keepa),usd_per_gb,0.02083,USD/GB,keepa,47,"Western Digital 24TB WD Purple Pro Surveillance HDD, SATA 6 Gb/s, 512MB Cache, 3.5"", Seria",Cheapest listed $/GB across the consumer Keepa basket; per-drive posting glitches removed,24000.0,499.99,SATA-3
2026-06-01,HDD,HDD cheapest (Keepa),usd_per_gb,0.02357,USD/GB,keepa,50,Toshiba N300 14TB NAS 3.5-Inch Internal Hard Drive - CMR SATA 6 Gb/s 7200 RPM 512 MB Cache,Cheapest listed $/GB across the consumer Keepa basket; per-drive posting glitches removed,14000.0,329.99,SATA-3
2026-07-01,HDD,HDD cheapest (Keepa),usd_per_gb,0.02708,USD/GB,keepa,49,"Western Digital 24TB WD Purple Pro Surveillance HDD, SATA 6 Gb/s, 512MB Cache, 3.5"", Seria",Cheapest listed $/GB across the consumer Keepa basket; per-drive posting glitches removed,24000.0,649.99,SATA-3
2026-08-01,HDD,HDD cheapest (Keepa),usd_per_gb,0.02708,USD/GB,keepa,45,"Western Digital 24TB WD Purple Pro Surveillance HDD, SATA 6 Gb/s, 512MB Cache, 3.5"", Seria",Cheapest listed $/GB across the consumer Keepa basket; per-drive posting glitches removed,24000.0,649.99,SATA-3
2026-09-01,DRAM,DDR3 (Keepa),usd_per_gb,4.85,USD/GB,keepa,23,OFFTEK 8GB Replacement Memory RAM Upgrade for Toshiba Satellite C70-A (PSCE2U-02H00S) (DDR,Cheapest listed $/GB across the consumer Keepa basket; per-drive posting glitches removed,8.0,38.8,DDR3
2026-09-01,DRAM,DDR4 (Keepa),usd_per_gb,6.55469,USD/GB,keepa,155,"Adamanta 128GB (4x32GB) Compatible for Dell Precision 5760, 7550, 7750, 7760 Laptop DDR4 2",Cheapest listed $/GB across the consumer Keepa basket; per-drive posting glitches removed,128.0,839.0,DDR4
2026-09-01,DRAM,DDR5 (Keepa),usd_per_gb,13.40625,USD/GB,keepa,272,"Adamanta 64GB (2x32GB) Compatible for ASUS ProArt StudioBook 16 OLED H7600, H7600ZM Laptop",Cheapest listed $/GB across the consumer Keepa basket; per-drive posting glitches removed,64.0,858.0,DDR5
2026-09-01,DRAM,DRAM cheapest (Keepa),usd_per_gb,4.85,USD/GB,keepa,450,OFFTEK 8GB Replacement Memory RAM Upgrade for Toshiba Satellite C70-A (PSCE2U-02H00S) (DDR,Cheapest listed $/GB across the consumer Keepa basket; per-drive posting glitches removed,8.0,38.8,DDR3
2026-09-01,HDD,HDD cheapest (Keepa),usd_per_gb,0.02273,USD/GB,keepa,37,Toshiba X300 20TB Performance & Gaming 3.5-Inch Internal Hard Drive â CMR SATA 6 GB/s 7200,Cheapest listed $/GB across the consumer Keepa basket; per-drive posting glitches removed,20000.0,454.66,SATA-3
2026-09-01,NAND,NAND cheapest (Keepa),usd_per_gb,0.07932,USD/GB,keepa,121,Western Digital 1TB WD Blue SN570 NVMe Internal Solid State Drive SSD - Gen3 x4 PCIe 8Gb/s,Cheapest listed $/GB across the consumer Keepa basket; per-drive posting glitches removed,1000.0,79.32,PCIe Gen3
